,day,title,author,grade,postImage
0,월,참교육,채용택 / 한가람,9.87,https://image-comic.pstatic.net/webtoon/733074/thumbnail/titledescimage/objectImage_287a732e-6a95-4791-a25e-8ad0b0b3685c.png
1,월,뷰티풀 군바리,설이 / 윤성원,9.81,https://image-comic.pstatic.net/webtoon/733074/thumbnail/titledescimage/objectImage_287a732e-6a95-4791-a25e-8ad0b0b3685c.png
2,월,신의 탑,SIU,9.88,https://image-comic.pstatic.net/webtoon/733074/thumbnail/titledescimage/objectImage_287a732e-6a95-4791-a25e-8ad0b0b3685c.png
3,월,똑 닮은 딸,이담,9.98,https://image-comic.pstatic.net/webtoon/733074/thumbnail/titledescimage/objectImage_287a732e-6a95-4791-a25e-8ad0b0b3685c.png
4,월,백수세끼,치즈,9.85,https://image-comic.pstatic.net/webtoon/733074/thumbnail/titledescimage/objectImage_287a732e-6a95-4791-a25e-8ad0b0b3685c.png
5,월,퀘스트지상주의,박태준 만화회사,9.75,https://image-comic.pstatic.net/webtoon/733074/thumbnail/titledescimage/objectImage_287a732e-6a95-4791-a25e-8ad0b0b3685c.png
6,월,장씨세가 호위무사,김인호 / 조형근,9.93,https://image-comic.pstatic.net/webtoon/733074/thumbnail/titledescimage/objectImage_287a732e-6a95-4791-a25e-8ad0b0b3685c.png
7,월,윈드브레이커,조용석,9.83,https://image-comic.pstatic.net/webtoon/733074/thumbnail/titledescimage/objectImage_287a732e-6a95-4791-a25e-8ad0b0b3685c.png
8,월,소녀의 세계,모랑지,9.92,https://image-comic.pstatic.net/webtoon/733074/thumbnail/titledescimage/objectImage_287a732e-6a95-4791-a25e-8ad0b0b3685c.png
9,월,버림받은 왕녀의 은밀한 침실,혜니 / 성혜림,9.96,https://image-comic.pstatic.net/webtoon/733074/thumbnail/titledescimage/objectImage_287a732e-6a95-4791-a25e-8ad0b0b3685c.png
10,월,신화급 귀속 아이템을 손에 넣었다,정선율 / 헤스,9.90,https://image-comic.pstatic.net/webtoon/733074/thumbnail/titledescimage/objectImage_287a732e-6a95-4791-a25e-8ad0b0b3685c.png
11,월,우아한 욕망,김종건,9.91,https://image-comic.pstatic.net/webtoon/733074/thumbnail/titledescimage/objectImage_287a732e-6a95-4791-a25e-8ad0b0b3685c.png
12,월,앵무살수,김성진,9.97,https://image-comic.pstatic.net/webtoon/733074/thumbnail/titledescimage/objectImage_287a732e-6a95-4791-a25e-8ad0b0b3685c.png
13,월,별난식당,HO9,9.96,https://image-comic.pstatic.net/webtoon/733074/thumbnail/titledescimage/objectImage_287a732e-6a95-4791-a25e-8ad0b0b3685c.png
14,월,절대검감,김두루미 / 티아이 / 한중월야,9.95,https://image-comic.pstatic.net/webtoon/733074/thumbnail/titledescimage/objectImage_287a732e-6a95-4791-a25e-8ad0b0b3685c.png
15,월,ㅋㅋ단편.zip,네이버웹툰 작가,9.77,https://image-comic.pstatic.net/webtoon/733074/thumbnail/titledescimage/objectImage_287a732e-6a95-4791-a25e-8ad0b0b3685c.png
16,월,퍼니게임,배진수,9.59,https://image-comic.pstatic.net/webtoon/733074/thumbnail/titledescimage/objectImage_287a732e-6a95-4791-a25e-8ad0b0b3685c.png
17,월,만렙돌파,"성불예정, 임형 / 미노",9.53,https://image-comic.pstatic.net/webtoon/733074/thumbnail/titledescimage/objectImage_287a732e-6a95-4791-a25e-8ad0b0b3685c.png
18,월,잔불의 기사,환댕,9.96,https://image-comic.pstatic.net/webtoon/733074/thumbnail/titledescimage/objectImage_287a732e-6a95-4791-a25e-8ad0b0b3685c.png
19,월,나 없는 단톡방,봉수,9.93,https://image-comic.pstatic.net/webtoon/733074/thumbnail/titledescimage/objectImage_287a732e-6a95-4791-a25e-8ad0b0b3685c.png
20,월,개같이 탈출,갬쟈,9.95,https://image-comic.pstatic.net/webtoon/733074/thumbnail/titledescimage/objectImage_287a732e-6a95-4791-a25e-8ad0b0b3685c.png
21,월,순정말고 순종,슈안,9.96,https://image-comic.pstatic.net/webtoon/733074/thumbnail/titledescimage/objectImage_287a732e-6a95-4791-a25e-8ad0b0b3685c.png
22,월,좀비묵시록 82-08,달아 / 경우 / 박스오피스,9.70,https://image-comic.pstatic.net/webtoon/733074/thumbnail/titledescimage/objectImage_287a732e-6a95-4791-a25e-8ad0b0b3685c.png
23,월,물어보는 사이,성은,9.96,https://image-comic.pstatic.net/webtoon/733074/thumbnail/titledescimage/objectImage_287a732e-6a95-4791-a25e-8ad0b0b3685c.png
24,월,리턴 투 플레이어,레포 / 세혼 / 인덱스,9.93,https://image-comic.pstatic.net/webtoon/733074/thumbnail/titledescimage/objectImage_287a732e-6a95-4791-a25e-8ad0b0b3685c.png
25,월,천재 타자가 강속구를 숨김,황지성 / 스튜디오MW / 이블라인,9.91,https://image-comic.pstatic.net/webtoon/733074/thumbnail/titledescimage/objectImage_287a732e-6a95-4791-a25e-8ad0b0b3685c.png
26,월,히어로메이커,빤쓰,9.95,https://image-comic.pstatic.net/webtoon/733074/thumbnail/titledescimage/objectImage_287a732e-6a95-4791-a25e-8ad0b0b3685c.png
27,월,신군,규남,9.95,https://image-comic.pstatic.net/webtoon/733074/thumbnail/titledescimage/objectImage_287a732e-6a95-4791-a25e-8ad0b0b3685c.png
28,월,미친 재능의 플레이어,S-Nanyc / H.로마 / 체나,9.36,https://image-comic.pstatic.net/webtoon/733074/thumbnail/titledescimage/objectImage_287a732e-6a95-4791-a25e-8ad0b0b3685c.png
29,월,시한부의 아이까지 뺏으려 합니다,랍스타 / 이루이,9.91,https://image-comic.pstatic.net/webtoon/733074/thumbnail/titledescimage/objectImage_287a732e-6a95-4791-a25e-8ad0b0b3685c.png
30,월,루루라라 우리네 인생,현이씨,9.96,https://image-comic.pstatic.net/webtoon/733074/thumbnail/titledescimage/objectImage_287a732e-6a95-4791-a25e-8ad0b0b3685c.png
31,월,칼가는 소녀,오리,9.97,https://image-comic.pstatic.net/webtoon/733074/thumbnail/titledescimage/objectImage_287a732e-6a95-4791-a25e-8ad0b0b3685c.png
32,월,파견체,곽백수,9.92,https://image-comic.pstatic.net/webtoon/733074/thumbnail/titledescimage/objectImage_287a732e-6a95-4791-a25e-8ad0b0b3685c.png
33,월,결혼생활 그림일기,은꼼지,9.97,https://image-comic.pstatic.net/webtoon/733074/thumbnail/titledescimage/objectImage_287a732e-6a95-4791-a25e-8ad0b0b3685c.png
34,월,더블클릭,"박수봉, 김장훈 / 박수봉",9.92,https://image-comic.pstatic.net/webtoon/733074/thumbnail/titledescimage/objectImage_287a732e-6a95-4791-a25e-8ad0b0b3685c.png
35,월,아슈타르테,SOON / 안다온,9.87,https://image-comic.pstatic.net/webtoon/733074/thumbnail/titledescimage/objectImage_287a732e-6a95-4791-a25e-8ad0b0b3685c.png
36,월,제국 제일의 상속녀가 되었습니다,한강 / 요정용,9.73,https://image-comic.pstatic.net/webtoon/733074/thumbnail/titledescimage/objectImage_287a732e-6a95-4791-a25e-8ad0b0b3685c.png
37,월,오빠집이 비어서,이서희 / 태소영,9.87,https://image-comic.pstatic.net/webtoon/733074/thumbnail/titledescimage/objectImage_287a732e-6a95-4791-a25e-8ad0b0b3685c.png
38,월,인섹터,마카빔,9.94,https://image-comic.pstatic.net/webtoon/733074/thumbnail/titledescimage/objectImage_287a732e-6a95-4791-a25e-8ad0b0b3685c.png
39,월,2023 루키 단편선,네이버웹툰 작가,9.60,https://image-comic.pstatic.net/webtoon/733074/thumbnail/titledescimage/objectImage_287a732e-6a95-4791-a25e-8ad0b0b3685c.png
40,월,서브 남주가 파업하면 생기는 일,쓰레빠인간 / 해그늘 / 숙임,9.97,https://image-comic.pstatic.net/webtoon/733074/thumbnail/titledescimage/objectImage_287a732e-6a95-4791-a25e-8ad0b0b3685c.png
41,월,꿈의 기업,문지현,9.97,https://image-comic.pstatic.net/webtoon/733074/thumbnail/titledescimage/objectImage_287a732e-6a95-4791-a25e-8ad0b0b3685c.png
42,월,악녀교실,즛호,9.86,https://image-comic.pstatic.net/webtoon/733074/thumbnail/titledescimage/objectImage_287a732e-6a95-4791-a25e-8ad0b0b3685c.png
43,월,쥴리에타의 드레스 업,말차 / 유자차 / 채하빈,9.57,https://image-comic.pstatic.net/webtoon/733074/thumbnail/titledescimage/objectImage_287a732e-6a95-4791-a25e-8ad0b0b3685c.png
44,월,엘프,홍작가,9.95,https://image-comic.pstatic.net/webtoon/733074/thumbnail/titledescimage/objectImage_287a732e-6a95-4791-a25e-8ad0b0b3685c.png
45,월,헬크래프트,나락 / 영기,9.89,https://image-comic.pstatic.net/webtoon/733074/thumbnail/titledescimage/objectImage_287a732e-6a95-4791-a25e-8ad0b0b3685c.png
46,월,컨트롤X,사이렌 / 서클,9.55,https://image-comic.pstatic.net/webtoon/733074/thumbnail/titledescimage/objectImage_287a732e-6a95-4791-a25e-8ad0b0b3685c.png
47,월,어느날 짝남에게 공작님이 빙의했다,다담 / 죽순,9.66,https://image-comic.pstatic.net/webtoon/733074/thumbnail/titledescimage/objectImage_287a732e-6a95-4791-a25e-8ad0b0b3685c.png
48,월,사이다걸,김드루 / 김그루,9.83,https://image-comic.pstatic.net/webtoon/733074/thumbnail/titledescimage/objectImage_287a732e-6a95-4791-a25e-8ad0b0b3685c.png
49,월,피폐물의 해피엔딩을 위하여,호,9.94,https://image-comic.pstatic.net/webtoon/733074/thumbnail/titledescimage/objectImage_287a732e-6a95-4791-a25e-8ad0b0b3685c.png
50,월,입술이 예쁜 남자,고도 / 플라비,9.96,https://image-comic.pstatic.net/webtoon/733074/thumbnail/titledescimage/objectImage_287a732e-6a95-4791-a25e-8ad0b0b3685c.png
51,월,달로 만든 아이,온윤,9.97,https://image-comic.pstatic.net/webtoon/733074/thumbnail/titledescimage/objectImage_287a732e-6a95-4791-a25e-8ad0b0b3685c.png
52,월,라서드,감람,9.97,https://image-comic.pstatic.net/webtoon/733074/thumbnail/titledescimage/objectImage_287a732e-6a95-4791-a25e-8ad0b0b3685c.png
53,월,마이너스의 손,김뎐,9.96,https://image-comic.pstatic.net/webtoon/733074/thumbnail/titledescimage/objectImage_287a732e-6a95-4791-a25e-8ad0b0b3685c.png
54,월,하루의 하루,김이랑,9.92,https://image-comic.pstatic.net/webtoon/733074/thumbnail/titledescimage/objectImage_287a732e-6a95-4791-a25e-8ad0b0b3685c.png
55,월,랭커,신건 / taibogi,9.87,https://image-comic.pstatic.net/webtoon/733074/thumbnail/titledescimage/objectImage_287a732e-6a95-4791-a25e-8ad0b0b3685c.png
56,월,퇴근 후에 만나요,박한나 / 햄친 / 로즈빈,9.94,https://image-comic.pstatic.net/webtoon/733074/thumbnail/titledescimage/objectImage_287a732e-6a95-4791-a25e-8ad0b0b3685c.png
57,월,악당과 악당이 만나면,삵 / 쏘가리 / 임하얌,9.95,https://image-comic.pstatic.net/webtoon/733074/thumbnail/titledescimage/objectImage_287a732e-6a95-4791-a25e-8ad0b0b3685c.png
58,월,최후의 금빛아이,알깨 / 새몽,9.95,https://image-comic.pstatic.net/webtoon/733074/thumbnail/titledescimage/objectImage_287a732e-6a95-4791-a25e-8ad0b0b3685c.png
59,월,주작연애,우까,9.81,https://image-comic.pstatic.net/webtoon/733074/thumbnail/titledescimage/objectImage_287a732e-6a95-4791-a25e-8ad0b0b3685c.png
60,월,영앤리치가 아니야!,최삡뺩,9.96,https://image-comic.pstatic.net/webtoon/733074/thumbnail/titledescimage/objectImage_287a732e-6a95-4791-a25e-8ad0b0b3685c.png
61,월,매지컬 급식:암살법사,웡웡이,9.94,https://image-comic.pstatic.net/webtoon/733074/thumbnail/titledescimage/objectImage_287a732e-6a95-4791-a25e-8ad0b0b3685c.png
62,월,원하나,비진,9.90,https://image-comic.pstatic.net/webtoon/733074/thumbnail/titledescimage/objectImage_287a732e-6a95-4791-a25e-8ad0b0b3685c.png
63,월,굿바이 유교보이,아실,9.94,https://image-comic.pstatic.net/webtoon/733074/thumbnail/titledescimage/objectImage_287a732e-6a95-4791-a25e-8ad0b0b3685c.png
64,월,오늘의 비너스,엄세윤 / 도달,9.97,https://image-comic.pstatic.net/webtoon/733074/thumbnail/titledescimage/objectImage_287a732e-6a95-4791-a25e-8ad0b0b3685c.png
65,월,백호랑,박혬,9.95,https://image-comic.pstatic.net/webtoon/733074/thumbnail/titledescimage/objectImage_287a732e-6a95-4791-a25e-8ad0b0b3685c.png
66,월,너를 돌려차는 방법,한성만,9.96,https://image-comic.pstatic.net/webtoon/733074/thumbnail/titledescimage/objectImage_287a732e-6a95-4791-a25e-8ad0b0b3685c.png
67,월,도깨비 부른다,WEBANGSANG,9.94,https://image-comic.pstatic.net/webtoon/733074/thumbnail/titledescimage/objectImage_287a732e-6a95-4791-a25e-8ad0b0b3685c.png
68,월,고백어택,늠개,9.88,https://image-comic.pstatic.net/webtoon/733074/thumbnail/titledescimage/objectImage_287a732e-6a95-4791-a25e-8ad0b0b3685c.png
69,월,제왕,"김남규 / 애풍, 콘티메이커",9.91,https://image-comic.pstatic.net/webtoon/733074/thumbnail/titledescimage/objectImage_287a732e-6a95-4791-a25e-8ad0b0b3685c.png
70,월,세번째 로망스,문조,9.95,https://image-comic.pstatic.net/webtoon/733074/thumbnail/titledescimage/objectImage_287a732e-6a95-4791-a25e-8ad0b0b3685c.png
71,월,북부 공작님을 유혹하겠습니다,가천가 / 은하수 / 주시하,9.97,https://image-comic.pstatic.net/webtoon/733074/thumbnail/titledescimage/objectImage_287a732e-6a95-4791-a25e-8ad0b0b3685c.png
72,월,슈퍼스타 천대리,Do8 / 이재국 / 박경원,9.83,https://image-comic.pstatic.net/webtoon/733074/thumbnail/titledescimage/objectImage_287a732e-6a95-4791-a25e-8ad0b0b3685c.png
73,월,"집사, 주세요!",꾀돌이,9.92,https://image-comic.pstatic.net/webtoon/733074/thumbnail/titledescimage/objectImage_287a732e-6a95-4791-a25e-8ad0b0b3685c.png
74,월,어쌔신 크리드 - 잊혀진 사원,"샤이아탄, ARC, Ubisoft / Tabii",9.85,https://image-comic.pstatic.net/webtoon/733074/thumbnail/titledescimage/objectImage_287a732e-6a95-4791-a25e-8ad0b0b3685c.png
75,월,메리의 불타는 행복회로,김지수,9.93,https://image-comic.pstatic.net/webtoon/733074/thumbnail/titledescimage/objectImage_287a732e-6a95-4791-a25e-8ad0b0b3685c.png
76,월,포스트 팬데믹,좡좡 / 영명 / 한산이가,9.88,https://image-comic.pstatic.net/webtoon/733074/thumbnail/titledescimage/objectImage_287a732e-6a95-4791-a25e-8ad0b0b3685c.png
77,월,역주행!,김현아,9.91,https://image-comic.pstatic.net/webtoon/733074/thumbnail/titledescimage/objectImage_287a732e-6a95-4791-a25e-8ad0b0b3685c.png
78,월,토마토가 돼라!,뮤리,9.96,https://image-comic.pstatic.net/webtoon/733074/thumbnail/titledescimage/objectImage_287a732e-6a95-4791-a25e-8ad0b0b3685c.png
79,월,버그이터,이륙,9.76,https://image-comic.pstatic.net/webtoon/733074/thumbnail/titledescimage/objectImage_287a732e-6a95-4791-a25e-8ad0b0b3685c.png
80,월,러브 똘츄얼리,김진경,7.16,https://image-comic.pstatic.net/webtoon/733074/thumbnail/titledescimage/objectImage_287a732e-6a95-4791-a25e-8ad0b0b3685c.png
81,월,루크 비셸 따라잡기,앙꼬빵 / 학뚜벅 / 에슈티,9.95,https://image-comic.pstatic.net/webtoon/733074/thumbnail/titledescimage/objectImage_287a732e-6a95-4791-a25e-8ad0b0b3685c.png
82,월,트러블리걸,일쩜이,9.74,https://image-comic.pstatic.net/webtoon/733074/thumbnail/titledescimage/objectImage_287a732e-6a95-4791-a25e-8ad0b0b3685c.png
83,월,결혼공략,율무,9.96,https://image-comic.pstatic.net/webtoon/733074/thumbnail/titledescimage/objectImage_287a732e-6a95-4791-a25e-8ad0b0b3685c.png
84,월,오로지 오로라,홍달,9.88,https://image-comic.pstatic.net/webtoon/733074/thumbnail/titledescimage/objectImage_287a732e-6a95-4791-a25e-8ad0b0b3685c.png
85,월,파운더,임상윤 / 만두인,9.91,https://image-comic.pstatic.net/webtoon/733074/thumbnail/titledescimage/objectImage_287a732e-6a95-4791-a25e-8ad0b0b3685c.png
86,월,중독연구소,김택기,9.84,https://image-comic.pstatic.net/webtoon/733074/thumbnail/titledescimage/objectImage_287a732e-6a95-4791-a25e-8ad0b0b3685c.png
87,월,행운을 부탁해!,해롱,9.86,https://image-comic.pstatic.net/webtoon/733074/thumbnail/titledescimage/objectImage_287a732e-6a95-4791-a25e-8ad0b0b3685c.png
88,월,악취해결사,샘샘,9.93,https://image-comic.pstatic.net/webtoon/733074/thumbnail/titledescimage/objectImage_287a732e-6a95-4791-a25e-8ad0b0b3685c.png
89,월,트리거,고경빈,9.85,https://image-comic.pstatic.net/webtoon/733074/thumbnail/titledescimage/objectImage_287a732e-6a95-4791-a25e-8ad0b0b3685c.png
90,월,모스크바의 여명,이샨오 / 황장미,9.95,https://image-comic.pstatic.net/webtoon/733074/thumbnail/titledescimage/objectImage_287a732e-6a95-4791-a25e-8ad0b0b3685c.png
91,월,별을 쫓는 소년들,HYBE,8.99,https://image-comic.pstatic.net/webtoon/733074/thumbnail/titledescimage/objectImage_287a732e-6a95-4791-a25e-8ad0b0b3685c.png
92,월,연애 연기대상,김충전 / 일공팔,9.90,https://image-comic.pstatic.net/webtoon/733074/thumbnail/titledescimage/objectImage_287a732e-6a95-4791-a25e-8ad0b0b3685c.png
93,화,너는 그냥 개그만화나 그려라,조석,9.96,https://image-comic.pstatic.net/webtoon/807582/thumbnail/titledescimage/objectImage_279316a0-27e4-440a-be67-69d37d86f658.png
94,화,김부장,박태준 만화회사 / 정종택,9.48,https://image-comic.pstatic.net/webtoon/807582/thumbnail/titledescimage/objectImage_279316a0-27e4-440a-be67-69d37d86f658.png
95,화,내가 키운 S급들,seri / 비완 / 근서,9.95,https://image-comic.pstatic.net/webtoon/807582/thumbnail/titledescimage/objectImage_279316a0-27e4-440a-be67-69d37d86f658.png
96,화,마루는 강쥐,모죠,9.98,https://image-comic.pstatic.net/webtoon/807582/thumbnail/titledescimage/objectImage_279316a0-27e4-440a-be67-69d37d86f658.png
97,화,멸망 이후의 세계,S-Cynan / 언데드 감자 / 싱숑,9.92,https://image-comic.pstatic.net/webtoon/807582/thumbnail/titledescimage/objectImage_279316a0-27e4-440a-be67-69d37d86f658.png
98,화,대학원 탈출일지,요다,9.97,https://image-comic.pstatic.net/webtoon/807582/thumbnail/titledescimage/objectImage_279316a0-27e4-440a-be67-69d37d86f658.png
99,화,사신소년,류,9.90,https://image-comic.pstatic.net/webtoon/807582/thumbnail/titledescimage/objectImage_279316a0-27e4-440a-be67-69d37d86f658.png
100,화,한림체육관,혜성 / 이석재,9.77,https://image-comic.pstatic.net/webtoon/807582/thumbnail/titledescimage/objectImage_279316a0-27e4-440a-be67-69d37d86f658.png
101,화,성검전설,최다킬,9.94,https://image-comic.pstatic.net/webtoon/807582/thumbnail/titledescimage/objectImage_279316a0-27e4-440a-be67-69d37d86f658.png
102,화,용사가 돌아왔다,나락 / 풍백,9.51,https://image-comic.pstatic.net/webtoon/807582/thumbnail/titledescimage/objectImage_279316a0-27e4-440a-be67-69d37d86f658.png
103,화,천마는 평범하게 살 수 없다,철범 / 우푸 / 산천,9.14,https://image-comic.pstatic.net/webtoon/807582/thumbnail/titledescimage/objectImage_279316a0-27e4-440a-be67-69d37d86f658.png
104,화,하루만 네가 되고 싶어,삼,9.97,https://image-comic.pstatic.net/webtoon/807582/thumbnail/titledescimage/objectImage_279316a0-27e4-440a-be67-69d37d86f658.png
105,화,집이 없어,와난,9.97,https://image-comic.pstatic.net/webtoon/807582/thumbnail/titledescimage/objectImage_279316a0-27e4-440a-be67-69d37d86f658.png
106,화,사변괴담,강태진,9.92,https://image-comic.pstatic.net/webtoon/807582/thumbnail/titledescimage/objectImage_279316a0-27e4-440a-be67-69d37d86f658.png
107,화,하북팽가 막내아들,스튜디오M / 기원 / 무향,9.84,https://image-comic.pstatic.net/webtoon/807582/thumbnail/titledescimage/objectImage_279316a0-27e4-440a-be67-69d37d86f658.png
108,화,시한부인 줄 알았어요!,혜용 / 에시 / 최아리,9.97,https://image-comic.pstatic.net/webtoon/807582/thumbnail/titledescimage/objectImage_279316a0-27e4-440a-be67-69d37d86f658.png
109,화,궤짝,"박태준 만화회사, 주범 / 지노",9.70,https://image-comic.pstatic.net/webtoon/807582/thumbnail/titledescimage/objectImage_279316a0-27e4-440a-be67-69d37d86f658.png
110,화,포 더 퀸덤,로즈옹,9.93,https://image-comic.pstatic.net/webtoon/807582/thumbnail/titledescimage/objectImage_279316a0-27e4-440a-be67-69d37d86f658.png
111,화,초인의 게임,Two-zero / 플랜에이 / 니콜로,9.95,https://image-comic.pstatic.net/webtoon/807582/thumbnail/titledescimage/objectImage_279316a0-27e4-440a-be67-69d37d86f658.png
112,화,위아더좀비,이명재,9.98,https://image-comic.pstatic.net/webtoon/807582/thumbnail/titledescimage/objectImage_279316a0-27e4-440a-be67-69d37d86f658.png
113,화,도태교실,황준호,9.90,https://image-comic.pstatic.net/webtoon/807582/thumbnail/titledescimage/objectImage_279316a0-27e4-440a-be67-69d37d86f658.png
114,화,삼국지톡,무적핑크 / 이리,9.89,https://image-comic.pstatic.net/webtoon/807582/thumbnail/titledescimage/objectImage_279316a0-27e4-440a-be67-69d37d86f658.png
115,화,이섭의 연애,248 / 김언희,9.96,https://image-comic.pstatic.net/webtoon/807582/thumbnail/titledescimage/objectImage_279316a0-27e4-440a-be67-69d37d86f658.png
116,화,유사연애,여은,9.90,https://image-comic.pstatic.net/webtoon/807582/thumbnail/titledescimage/objectImage_279316a0-27e4-440a-be67-69d37d86f658.png
117,화,놓지마 정신줄 시즌3,신태훈 / 나승훈,9.94,https://image-comic.pstatic.net/webtoon/807582/thumbnail/titledescimage/objectImage_279316a0-27e4-440a-be67-69d37d86f658.png
118,화,로맨스 당도 백퍼센트,이동건,9.93,https://image-comic.pstatic.net/webtoon/807582/thumbnail/titledescimage/objectImage_279316a0-27e4-440a-be67-69d37d86f658.png
119,화,저 그런 인재 아닙니다,에몽 / 머나 / 덴피,9.97,https://image-comic.pstatic.net/webtoon/807582/thumbnail/titledescimage/objectImage_279316a0-27e4-440a-be67-69d37d86f658.png
120,화,원주민 공포만화,원주민,9.86,https://image-comic.pstatic.net/webtoon/807582/thumbnail/titledescimage/objectImage_279316a0-27e4-440a-be67-69d37d86f658.png
121,화,올가미,해무리,9.98,https://image-comic.pstatic.net/webtoon/807582/thumbnail/titledescimage/objectImage_279316a0-27e4-440a-be67-69d37d86f658.png
122,화,호랑이 들어와요,배세혁 / 유은,9.97,https://image-comic.pstatic.net/webtoon/807582/thumbnail/titledescimage/objectImage_279316a0-27e4-440a-be67-69d37d86f658.png
123,화,신입사원 김철수,스튜디오MW / 권다희 / 오정,9.81,https://image-comic.pstatic.net/webtoon/807582/thumbnail/titledescimage/objectImage_279316a0-27e4-440a-be67-69d37d86f658.png
124,화,랜덤채팅의 그녀!,박은혁,9.20,https://image-comic.pstatic.net/webtoon/807582/thumbnail/titledescimage/objectImage_279316a0-27e4-440a-be67-69d37d86f658.png
125,화,집착남주의 전부인이 되었습니다,하담 / 꿀생강 / 퍼젤,9.81,https://image-comic.pstatic.net/webtoon/807582/thumbnail/titledescimage/objectImage_279316a0-27e4-440a-be67-69d37d86f658.png
126,화,이상형,배사과,9.76,https://image-comic.pstatic.net/webtoon/807582/thumbnail/titledescimage/objectImage_279316a0-27e4-440a-be67-69d37d86f658.png
127,화,시체기사 군터,마요너구리,9.93,https://image-comic.pstatic.net/webtoon/807582/thumbnail/titledescimage/objectImage_279316a0-27e4-440a-be67-69d37d86f658.png
128,화,우리 집 고양이 보고 갈래?,삼태,9.97,https://image-comic.pstatic.net/webtoon/807582/thumbnail/titledescimage/objectImage_279316a0-27e4-440a-be67-69d37d86f658.png
129,화,백씨세가 시한부 공자,단박 / 과장 / 비도,9.90,https://image-comic.pstatic.net/webtoon/807582/thumbnail/titledescimage/objectImage_279316a0-27e4-440a-be67-69d37d86f658.png
130,화,윌유메리미,마인드C,9.92,https://image-comic.pstatic.net/webtoon/807582/thumbnail/titledescimage/objectImage_279316a0-27e4-440a-be67-69d37d86f658.png
131,화,체탐자,병장 / 해성,9.93,https://image-comic.pstatic.net/webtoon/807582/thumbnail/titledescimage/objectImage_279316a0-27e4-440a-be67-69d37d86f658.png
132,화,신과함께 돌아온 기사왕님,지대공마법소년 / 전천후마검사 / 사람살려.,4.72,https://image-comic.pstatic.net/webtoon/807582/thumbnail/titledescimage/objectImage_279316a0-27e4-440a-be67-69d37d86f658.png
133,화,거짓말의 뉘앙스,사즈,9.86,https://image-comic.pstatic.net/webtoon/807582/thumbnail/titledescimage/objectImage_279316a0-27e4-440a-be67-69d37d86f658.png
134,화,로잘린 보가트,삼월에 / 마하 / 하노HANO,9.97,https://image-comic.pstatic.net/webtoon/807582/thumbnail/titledescimage/objectImage_279316a0-27e4-440a-be67-69d37d86f658.png
135,화,사표내고 이계에서 힐링합니다,덤보 / 파란 / 딥블랙,9.94,https://image-comic.pstatic.net/webtoon/807582/thumbnail/titledescimage/objectImage_279316a0-27e4-440a-be67-69d37d86f658.png
136,화,하우스키퍼,채용택 / 유현,9.96,https://image-comic.pstatic.net/webtoon/807582/thumbnail/titledescimage/objectImage_279316a0-27e4-440a-be67-69d37d86f658.png
137,화,짝사랑의 마침표,숭어,9.96,https://image-comic.pstatic.net/webtoon/807582/thumbnail/titledescimage/objectImage_279316a0-27e4-440a-be67-69d37d86f658.png
138,화,빅맨,하하영,9.74,https://image-comic.pstatic.net/webtoon/807582/thumbnail/titledescimage/objectImage_279316a0-27e4-440a-be67-69d37d86f658.png
139,화,렌탈히어로,포르토 / 코벳,9.75,https://image-comic.pstatic.net/webtoon/807582/thumbnail/titledescimage/objectImage_279316a0-27e4-440a-be67-69d37d86f658.png
140,화,빌런투킬,퓨핀 / 은지,9.92,https://image-comic.pstatic.net/webtoon/807582/thumbnail/titledescimage/objectImage_279316a0-27e4-440a-be67-69d37d86f658.png
141,화,연우의 순정,이솔,9.97,https://image-comic.pstatic.net/webtoon/807582/thumbnail/titledescimage/objectImage_279316a0-27e4-440a-be67-69d37d86f658.png
142,화,짐승의 꽃,하브린 / 옆집찰스 / 황도톨,9.94,https://image-comic.pstatic.net/webtoon/807582/thumbnail/titledescimage/objectImage_279316a0-27e4-440a-be67-69d37d86f658.png
143,화,해골협객,성불예정 / 준1,9.06,https://image-comic.pstatic.net/webtoon/807582/thumbnail/titledescimage/objectImage_279316a0-27e4-440a-be67-69d37d86f658.png
144,화,은주의 방 2~3부,노란구미,9.94,https://image-comic.pstatic.net/webtoon/807582/thumbnail/titledescimage/objectImage_279316a0-27e4-440a-be67-69d37d86f658.png
145,화,애옹식당,정다정,9.96,https://image-comic.pstatic.net/webtoon/807582/thumbnail/titledescimage/objectImage_279316a0-27e4-440a-be67-69d37d86f658.png
146,화,에이머,구동인,9.80,https://image-comic.pstatic.net/webtoon/807582/thumbnail/titledescimage/objectImage_279316a0-27e4-440a-be67-69d37d86f658.png
147,화,웅크,나유진,9.97,https://image-comic.pstatic.net/webtoon/807582/thumbnail/titledescimage/objectImage_279316a0-27e4-440a-be67-69d37d86f658.png
148,화,왕게임,신형욱 / 범고래,9.86,https://image-comic.pstatic.net/webtoon/807582/thumbnail/titledescimage/objectImage_279316a0-27e4-440a-be67-69d37d86f658.png
149,화,반대로 끌리는 사이,한구,9.96,https://image-comic.pstatic.net/webtoon/807582/thumbnail/titledescimage/objectImage_279316a0-27e4-440a-be67-69d37d86f658.png
150,화,로맨스가 가능해?,임주이 / 송정원,9.97,https://image-comic.pstatic.net/webtoon/807582/thumbnail/titledescimage/objectImage_279316a0-27e4-440a-be67-69d37d86f658.png
151,화,그냥 선생님,연일,9.97,https://image-comic.pstatic.net/webtoon/807582/thumbnail/titledescimage/objectImage_279316a0-27e4-440a-be67-69d37d86f658.png
152,화,배드 엔딩 메이커,오일구 / 심재영 / 류은가람,9.91,https://image-comic.pstatic.net/webtoon/807582/thumbnail/titledescimage/objectImage_279316a0-27e4-440a-be67-69d37d86f658.png
153,화,폭군의 심장을 쥐었다,아리 / Nobena / 유세유,9.87,https://image-comic.pstatic.net/webtoon/807582/thumbnail/titledescimage/objectImage_279316a0-27e4-440a-be67-69d37d86f658.png
154,화,내남친 킹카만들기,랑쓰 / 섯끼,9.88,https://image-comic.pstatic.net/webtoon/807582/thumbnail/titledescimage/objectImage_279316a0-27e4-440a-be67-69d37d86f658.png
155,화,제로게임,즐바센,9.97,https://image-comic.pstatic.net/webtoon/807582/thumbnail/titledescimage/objectImage_279316a0-27e4-440a-be67-69d37d86f658.png
156,화,윗집 그 남자,핸저 아트,9.92,https://image-comic.pstatic.net/webtoon/807582/thumbnail/titledescimage/objectImage_279316a0-27e4-440a-be67-69d37d86f658.png
157,화,랜덤타겟,이니 / 정유한,9.94,https://image-comic.pstatic.net/webtoon/807582/thumbnail/titledescimage/objectImage_279316a0-27e4-440a-be67-69d37d86f658.png
158,화,그 남학생에게 고백하지 마십시오,도희권,9.84,https://image-comic.pstatic.net/webtoon/807582/thumbnail/titledescimage/objectImage_279316a0-27e4-440a-be67-69d37d86f658.png
159,화,주인님을 잡아먹는 방법,세인 / 차혜영,9.97,https://image-comic.pstatic.net/webtoon/807582/thumbnail/titledescimage/objectImage_279316a0-27e4-440a-be67-69d37d86f658.png
160,화,팀장님은 신혼이 피곤하다,장그린 / 강하다,9.92,https://image-comic.pstatic.net/webtoon/807582/thumbnail/titledescimage/objectImage_279316a0-27e4-440a-be67-69d37d86f658.png
161,화,아이즈,정썸머,9.94,https://image-comic.pstatic.net/webtoon/807582/thumbnail/titledescimage/objectImage_279316a0-27e4-440a-be67-69d37d86f658.png
162,화,착한 여자 안선해,선우,9.83,https://image-comic.pstatic.net/webtoon/807582/thumbnail/titledescimage/objectImage_279316a0-27e4-440a-be67-69d37d86f658.png
163,화,여우자매,갈치,9.93,https://image-comic.pstatic.net/webtoon/807582/thumbnail/titledescimage/objectImage_279316a0-27e4-440a-be67-69d37d86f658.png
164,화,우투리: THE LEGACY,이재헌 / 홍기우,9.85,https://image-comic.pstatic.net/webtoon/807582/thumbnail/titledescimage/objectImage_279316a0-27e4-440a-be67-69d37d86f658.png
165,화,"이 결혼, 새로고침",영 / 다프네 박 / 핑크티,9.80,https://image-comic.pstatic.net/webtoon/807582/thumbnail/titledescimage/objectImage_279316a0-27e4-440a-be67-69d37d86f658.png
166,화,필리아로제 - 가시왕관의 예언,백화등 / Ryuta / 김영지,9.97,https://image-comic.pstatic.net/webtoon/807582/thumbnail/titledescimage/objectImage_279316a0-27e4-440a-be67-69d37d86f658.png
167,화,햄버거가 제일 좋아,용현 / 민국,9.95,https://image-comic.pstatic.net/webtoon/807582/thumbnail/titledescimage/objectImage_279316a0-27e4-440a-be67-69d37d86f658.png
168,화,자매의 사생활,조주희 / 뉘롬,9.87,https://image-comic.pstatic.net/webtoon/807582/thumbnail/titledescimage/objectImage_279316a0-27e4-440a-be67-69d37d86f658.png
169,화,붉은 이정표,달뜬,9.89,https://image-comic.pstatic.net/webtoon/807582/thumbnail/titledescimage/objectImage_279316a0-27e4-440a-be67-69d37d86f658.png
170,화,원포인트,잇,9.85,https://image-comic.pstatic.net/webtoon/807582/thumbnail/titledescimage/objectImage_279316a0-27e4-440a-be67-69d37d86f658.png
171,화,대리게임,철준,8.86,https://image-comic.pstatic.net/webtoon/807582/thumbnail/titledescimage/objectImage_279316a0-27e4-440a-be67-69d37d86f658.png
172,화,공작저의 붉은 밤,H.C / 타샤토토 / 유세라,9.02,https://image-comic.pstatic.net/webtoon/807582/thumbnail/titledescimage/objectImage_279316a0-27e4-440a-be67-69d37d86f658.png
173,화,은밀한 재택근무,굴닭 / 타단 / 주황연,9.88,https://image-comic.pstatic.net/webtoon/807582/thumbnail/titledescimage/objectImage_279316a0-27e4-440a-be67-69d37d86f658.png
174,화,원수가 나를 유혹할 때,황비노 / 포롱 / 최서희,9.73,https://image-comic.pstatic.net/webtoon/807582/thumbnail/titledescimage/objectImage_279316a0-27e4-440a-be67-69d37d86f658.png
175,화,뿌리를 찾아서,유승진,9.08,https://image-comic.pstatic.net/webtoon/807582/thumbnail/titledescimage/objectImage_279316a0-27e4-440a-be67-69d37d86f658.png
176,화,돌격! 용마치킨,팀 오누이,9.87,https://image-comic.pstatic.net/webtoon/807582/thumbnail/titledescimage/objectImage_279316a0-27e4-440a-be67-69d37d86f658.png
177,화,죽었던 너와 다시 시작하기,히우,9.89,https://image-comic.pstatic.net/webtoon/807582/thumbnail/titledescimage/objectImage_279316a0-27e4-440a-be67-69d37d86f658.png
178,화,동경과 거짓말,오한,9.96,https://image-comic.pstatic.net/webtoon/807582/thumbnail/titledescimage/objectImage_279316a0-27e4-440a-be67-69d37d86f658.png
179,화,왕자님 짠내밥상,쑥,9.68,https://image-comic.pstatic.net/webtoon/807582/thumbnail/titledescimage/objectImage_279316a0-27e4-440a-be67-69d37d86f658.png
180,화,DARK MOON: 회색 도시,HYBE,9.76,https://image-comic.pstatic.net/webtoon/807582/thumbnail/titledescimage/objectImage_279316a0-27e4-440a-be67-69d37d86f658.png
181,화,헥토파스칼,버퍼링 / 길성근,9.90,https://image-comic.pstatic.net/webtoon/807582/thumbnail/titledescimage/objectImage_279316a0-27e4-440a-be67-69d37d86f658.png
182,화,"너의 순정, 나의 순정",정살,9.86,https://image-comic.pstatic.net/webtoon/807582/thumbnail/titledescimage/objectImage_279316a0-27e4-440a-be67-69d37d86f658.png
183,화,AI 유하,박현 / 지홍주,9.76,https://image-comic.pstatic.net/webtoon/807582/thumbnail/titledescimage/objectImage_279316a0-27e4-440a-be67-69d37d86f658.png
184,화,미워할 거야,만보,9.58,https://image-comic.pstatic.net/webtoon/807582/thumbnail/titledescimage/objectImage_279316a0-27e4-440a-be67-69d37d86f658.png
185,화,흑역사 어게인,안수민,9.72,https://image-comic.pstatic.net/webtoon/807582/thumbnail/titledescimage/objectImage_279316a0-27e4-440a-be67-69d37d86f658.png
186,수,화산귀환,LICO / 비가,9.93,https://image-comic.pstatic.net/webtoon/790404/thumbnail/titledescimage/objectImage_19647c2e-a8e2-49ae-8780-ae3da4ebde46.png
187,수,전지적 독자 시점,UMI / 슬리피-C / 싱숑,9.94,https://image-comic.pstatic.net/webtoon/790404/thumbnail/titledescimage/objectImage_19647c2e-a8e2-49ae-8780-ae3da4ebde46.png
188,수,무직백수 계백순,지발,9.81,https://image-comic.pstatic.net/webtoon/790404/thumbnail/titledescimage/objectImage_19647c2e-a8e2-49ae-8780-ae3da4ebde46.png
189,수,성스러운 작가생활,이작가야,9.95,https://image-comic.pstatic.net/webtoon/790404/thumbnail/titledescimage/objectImage_19647c2e-a8e2-49ae-8780-ae3da4ebde46.png
190,수,헬퍼 2 : 킬베로스,삭,8.64,https://image-comic.pstatic.net/webtoon/790404/thumbnail/titledescimage/objectImage_19647c2e-a8e2-49ae-8780-ae3da4ebde46.png
191,수,백XX,"병장, 박태준 만화회사 / 펀치킥",9.84,https://image-comic.pstatic.net/webtoon/790404/thumbnail/titledescimage/objectImage_19647c2e-a8e2-49ae-8780-ae3da4ebde46.png
192,수,마님이네 미국 시골집 이야기,마님,8.15,https://image-comic.pstatic.net/webtoon/790404/thumbnail/titledescimage/objectImage_19647c2e-a8e2-49ae-8780-ae3da4ebde46.png
193,수,캐슬2:만인지상,정연,9.95,https://image-comic.pstatic.net/webtoon/790404/thumbnail/titledescimage/objectImage_19647c2e-a8e2-49ae-8780-ae3da4ebde46.png
194,수,66666년 만에 환생한 흑마법사,팀 더 지크 / 파사 / 화봉,9.94,https://image-comic.pstatic.net/webtoon/790404/thumbnail/titledescimage/objectImage_19647c2e-a8e2-49ae-8780-ae3da4ebde46.png
195,수,일렉시드,손제호 / 제나,9.85,https://image-comic.pstatic.net/webtoon/790404/thumbnail/titledescimage/objectImage_19647c2e-a8e2-49ae-8780-ae3da4ebde46.png
196,수,미래의 골동품 가게,구아진,9.98,https://image-comic.pstatic.net/webtoon/790404/thumbnail/titledescimage/objectImage_19647c2e-a8e2-49ae-8780-ae3da4ebde46.png
197,수,칼에 취한 밤을 걷다,JP / 송민 / 유진성,9.91,https://image-comic.pstatic.net/webtoon/790404/thumbnail/titledescimage/objectImage_19647c2e-a8e2-49ae-8780-ae3da4ebde46.png
198,수,튜토리얼 탑의 고인물,토프 / 방구석김씨,9.80,https://image-comic.pstatic.net/webtoon/790404/thumbnail/titledescimage/objectImage_19647c2e-a8e2-49ae-8780-ae3da4ebde46.png
199,수,왕따가 격투기를 너무 잘함,김꿀빨 / 아몬드빵,9.52,https://image-comic.pstatic.net/webtoon/790404/thumbnail/titledescimage/objectImage_19647c2e-a8e2-49ae-8780-ae3da4ebde46.png
200,수,나쁜사람,둠스,9.67,https://image-comic.pstatic.net/webtoon/790404/thumbnail/titledescimage/objectImage_19647c2e-a8e2-49ae-8780-ae3da4ebde46.png
201,수,마른 가지에 바람처럼,화음 / 달새울,9.97,https://image-comic.pstatic.net/webtoon/790404/thumbnail/titledescimage/objectImage_19647c2e-a8e2-49ae-8780-ae3da4ebde46.png
202,수,에브리띵 이즈 파인,마이크 버첼,9.97,https://image-comic.pstatic.net/webtoon/790404/thumbnail/titledescimage/objectImage_19647c2e-a8e2-49ae-8780-ae3da4ebde46.png
203,수,황후를 훔친 이는 누구인가,핀쿠 / 뮬리 / Lee jihye,9.93,https://image-comic.pstatic.net/webtoon/790404/thumbnail/titledescimage/objectImage_19647c2e-a8e2-49ae-8780-ae3da4ebde46.png
204,수,내가 죽기로 결심한 것은,YUJU,9.96,https://image-comic.pstatic.net/webtoon/790404/thumbnail/titledescimage/objectImage_19647c2e-a8e2-49ae-8780-ae3da4ebde46.png
205,수,베이비 폭군,아원 / 이흰,9.97,https://image-comic.pstatic.net/webtoon/790404/thumbnail/titledescimage/objectImage_19647c2e-a8e2-49ae-8780-ae3da4ebde46.png
206,수,망치하르방,상상어,9.94,https://image-comic.pstatic.net/webtoon/790404/thumbnail/titledescimage/objectImage_19647c2e-a8e2-49ae-8780-ae3da4ebde46.png
207,수,쓰레기는 쓰레기통에!,EDDiERiNG,9.98,https://image-comic.pstatic.net/webtoon/790404/thumbnail/titledescimage/objectImage_19647c2e-a8e2-49ae-8780-ae3da4ebde46.png
208,수,중간에서 만나,조흰 / 윤김,9.94,https://image-comic.pstatic.net/webtoon/790404/thumbnail/titledescimage/objectImage_19647c2e-a8e2-49ae-8780-ae3da4ebde46.png
209,수,사상최강,이단아 / 황규영,9.91,https://image-comic.pstatic.net/webtoon/790404/thumbnail/titledescimage/objectImage_19647c2e-a8e2-49ae-8780-ae3da4ebde46.png
210,수,빌드업,911,9.87,https://image-comic.pstatic.net/webtoon/790404/thumbnail/titledescimage/objectImage_19647c2e-a8e2-49ae-8780-ae3da4ebde46.png
211,수,흔한 빙의물인 줄 알았다,DOYOSAY / 아진 / 레몬개구리,9.96,https://image-comic.pstatic.net/webtoon/790404/thumbnail/titledescimage/objectImage_19647c2e-a8e2-49ae-8780-ae3da4ebde46.png
212,수,악의 등교,팀 더 제이 / 시원 / 산천,9.93,https://image-comic.pstatic.net/webtoon/790404/thumbnail/titledescimage/objectImage_19647c2e-a8e2-49ae-8780-ae3da4ebde46.png
213,수,강철을 먹는 플레이어,감독9 / 지점장,9.46,https://image-comic.pstatic.net/webtoon/790404/thumbnail/titledescimage/objectImage_19647c2e-a8e2-49ae-8780-ae3da4ebde46.png
214,수,"울어 봐, 빌어도 좋고",반지 / 솔체,9.97,https://image-comic.pstatic.net/webtoon/790404/thumbnail/titledescimage/objectImage_19647c2e-a8e2-49ae-8780-ae3da4ebde46.png
215,수,수인 보호소에서 남주를 입양해 버렸다,유지별이 / 설단희,9.91,https://image-comic.pstatic.net/webtoon/790404/thumbnail/titledescimage/objectImage_19647c2e-a8e2-49ae-8780-ae3da4ebde46.png
216,수,닥터앤닥터 병원일기,닥터베르,8.81,https://image-comic.pstatic.net/webtoon/790404/thumbnail/titledescimage/objectImage_19647c2e-a8e2-49ae-8780-ae3da4ebde46.png
217,수,행성인간2: 행성의,조석,9.96,https://image-comic.pstatic.net/webtoon/790404/thumbnail/titledescimage/objectImage_19647c2e-a8e2-49ae-8780-ae3da4ebde46.png
218,수,인과관계,강환영,9.96,https://image-comic.pstatic.net/webtoon/790404/thumbnail/titledescimage/objectImage_19647c2e-a8e2-49ae-8780-ae3da4ebde46.png
219,수,칼부림,고일권,9.92,https://image-comic.pstatic.net/webtoon/790404/thumbnail/titledescimage/objectImage_19647c2e-a8e2-49ae-8780-ae3da4ebde46.png
220,수,판타지 여동생!,유누,9.85,https://image-comic.pstatic.net/webtoon/790404/thumbnail/titledescimage/objectImage_19647c2e-a8e2-49ae-8780-ae3da4ebde46.png
221,수,급식아빠,김재한,9.76,https://image-comic.pstatic.net/webtoon/790404/thumbnail/titledescimage/objectImage_19647c2e-a8e2-49ae-8780-ae3da4ebde46.png
222,수,언덕 위의 제임스,쿠당탕,9.92,https://image-comic.pstatic.net/webtoon/790404/thumbnail/titledescimage/objectImage_19647c2e-a8e2-49ae-8780-ae3da4ebde46.png
223,수,옆집남자 친구,꿀삼,9.97,https://image-comic.pstatic.net/webtoon/790404/thumbnail/titledescimage/objectImage_19647c2e-a8e2-49ae-8780-ae3da4ebde46.png
224,수,어린 상사,LICO / 박수정,9.75,https://image-comic.pstatic.net/webtoon/790404/thumbnail/titledescimage/objectImage_19647c2e-a8e2-49ae-8780-ae3da4ebde46.png
225,수,남사친의 법칙,이도윤,9.97,https://image-comic.pstatic.net/webtoon/790404/thumbnail/titledescimage/objectImage_19647c2e-a8e2-49ae-8780-ae3da4ebde46.png
226,수,좀간,옹구 / 다이,9.96,https://image-comic.pstatic.net/webtoon/790404/thumbnail/titledescimage/objectImage_19647c2e-a8e2-49ae-8780-ae3da4ebde46.png
227,수,용한소녀,올소,9.97,https://image-comic.pstatic.net/webtoon/790404/thumbnail/titledescimage/objectImage_19647c2e-a8e2-49ae-8780-ae3da4ebde46.png
228,수,결혼 시뮬레이션,김래잇 / 황주영,9.45,https://image-comic.pstatic.net/webtoon/790404/thumbnail/titledescimage/objectImage_19647c2e-a8e2-49ae-8780-ae3da4ebde46.png
229,수,괴물공작의 딸,한바다 / 찬란,9.71,https://image-comic.pstatic.net/webtoon/790404/thumbnail/titledescimage/objectImage_19647c2e-a8e2-49ae-8780-ae3da4ebde46.png
230,수,하렘의 남자들,히어리 / 영빈 / 알파타르트,9.96,https://image-comic.pstatic.net/webtoon/790404/thumbnail/titledescimage/objectImage_19647c2e-a8e2-49ae-8780-ae3da4ebde46.png
231,수,사내고충처리반,정주행 / JINU,9.81,https://image-comic.pstatic.net/webtoon/790404/thumbnail/titledescimage/objectImage_19647c2e-a8e2-49ae-8780-ae3da4ebde46.png
232,수,귀비나리,신희빈 / 곰시,9.94,https://image-comic.pstatic.net/webtoon/790404/thumbnail/titledescimage/objectImage_19647c2e-a8e2-49ae-8780-ae3da4ebde46.png
233,수,두 번 사는 프로듀서,여로운 / 왕십리글쟁이,9.92,https://image-comic.pstatic.net/webtoon/790404/thumbnail/titledescimage/objectImage_19647c2e-a8e2-49ae-8780-ae3da4ebde46.png
234,수,"안녕, 나의 수집",하린,9.97,https://image-comic.pstatic.net/webtoon/790404/thumbnail/titledescimage/objectImage_19647c2e-a8e2-49ae-8780-ae3da4ebde46.png
235,수,2023 루키 단편선,네이버웹툰 작가,9.60,https://image-comic.pstatic.net/webtoon/790404/thumbnail/titledescimage/objectImage_19647c2e-a8e2-49ae-8780-ae3da4ebde46.png
236,수,수요웹툰의 나강림,이경민 / 송준혁,9.91,https://image-comic.pstatic.net/webtoon/790404/thumbnail/titledescimage/objectImage_19647c2e-a8e2-49ae-8780-ae3da4ebde46.png
237,수,격기3반,이학,9.29,https://image-comic.pstatic.net/webtoon/790404/thumbnail/titledescimage/objectImage_19647c2e-a8e2-49ae-8780-ae3da4ebde46.png
238,수,반귀,세정,9.96,https://image-comic.pstatic.net/webtoon/790404/thumbnail/titledescimage/objectImage_19647c2e-a8e2-49ae-8780-ae3da4ebde46.png
239,수,두꺼비집,허만강,9.76,https://image-comic.pstatic.net/webtoon/790404/thumbnail/titledescimage/objectImage_19647c2e-a8e2-49ae-8780-ae3da4ebde46.png
240,수,주부 육성중,임현,9.97,https://image-comic.pstatic.net/webtoon/790404/thumbnail/titledescimage/objectImage_19647c2e-a8e2-49ae-8780-ae3da4ebde46.png
241,수,말숙이를 부탁해,임규현,9.94,https://image-comic.pstatic.net/webtoon/790404/thumbnail/titledescimage/objectImage_19647c2e-a8e2-49ae-8780-ae3da4ebde46.png
242,수,강아지는 멍멍하고 짖지 않아!,얄라리,9.96,https://image-comic.pstatic.net/webtoon/790404/thumbnail/titledescimage/objectImage_19647c2e-a8e2-49ae-8780-ae3da4ebde46.png
243,수,나를 낳아줘,미티 / 연주,9.73,https://image-comic.pstatic.net/webtoon/790404/thumbnail/titledescimage/objectImage_19647c2e-a8e2-49ae-8780-ae3da4ebde46.png
244,수,누가 나를 죽였을까,후,9.90,https://image-comic.pstatic.net/webtoon/790404/thumbnail/titledescimage/objectImage_19647c2e-a8e2-49ae-8780-ae3da4ebde46.png
245,수,내겐 너무 소란한 결혼,이지이 / 포스스튜디오 / 노승아,9.95,https://image-comic.pstatic.net/webtoon/790404/thumbnail/titledescimage/objectImage_19647c2e-a8e2-49ae-8780-ae3da4ebde46.png
246,수,케찰코아틀 - 헤수스,d몬,9.96,https://image-comic.pstatic.net/webtoon/790404/thumbnail/titledescimage/objectImage_19647c2e-a8e2-49ae-8780-ae3da4ebde46.png
247,수,로어 올림푸스,레이첼스마이스,9.95,https://image-comic.pstatic.net/webtoon/790404/thumbnail/titledescimage/objectImage_19647c2e-a8e2-49ae-8780-ae3da4ebde46.png
248,수,운명을 보는 회사원,영완(映完) / 임성욱,9.97,https://image-comic.pstatic.net/webtoon/790404/thumbnail/titledescimage/objectImage_19647c2e-a8e2-49ae-8780-ae3da4ebde46.png
249,수,미시령,모코넛,9.93,https://image-comic.pstatic.net/webtoon/790404/thumbnail/titledescimage/objectImage_19647c2e-a8e2-49ae-8780-ae3da4ebde46.png
250,수,범상찮은 밤,어사화,9.97,https://image-comic.pstatic.net/webtoon/790404/thumbnail/titledescimage/objectImage_19647c2e-a8e2-49ae-8780-ae3da4ebde46.png
251,수,그 남자의 은밀한 하루,탄단 / 이로 / 백묘,9.93,https://image-comic.pstatic.net/webtoon/790404/thumbnail/titledescimage/objectImage_19647c2e-a8e2-49ae-8780-ae3da4ebde46.png
252,수,어느 백작 영애의 이중생활,Jeu / 킴뽀 / 최아리,9.96,https://image-comic.pstatic.net/webtoon/790404/thumbnail/titledescimage/objectImage_19647c2e-a8e2-49ae-8780-ae3da4ebde46.png
253,수,사생돌,령 / 유나나,8.55,https://image-comic.pstatic.net/webtoon/790404/thumbnail/titledescimage/objectImage_19647c2e-a8e2-49ae-8780-ae3da4ebde46.png
254,수,더 베이비시터,김도연,9.90,https://image-comic.pstatic.net/webtoon/790404/thumbnail/titledescimage/objectImage_19647c2e-a8e2-49ae-8780-ae3da4ebde46.png
255,수,나랑 해요,통조림 / 별규,9.92,https://image-comic.pstatic.net/webtoon/790404/thumbnail/titledescimage/objectImage_19647c2e-a8e2-49ae-8780-ae3da4ebde46.png
256,수,"이혼은 쉬운데, 연애는 어렵다",수빙 / 팔가락 / 쥬시린시,9.92,https://image-comic.pstatic.net/webtoon/790404/thumbnail/titledescimage/objectImage_19647c2e-a8e2-49ae-8780-ae3da4ebde46.png
257,수,하얀 사자의 비밀 신부,봉비 / 임혜,9.66,https://image-comic.pstatic.net/webtoon/790404/thumbnail/titledescimage/objectImage_19647c2e-a8e2-49ae-8780-ae3da4ebde46.png
258,수,두 마리를 위한 뜰,솜마르,9.94,https://image-comic.pstatic.net/webtoon/790404/thumbnail/titledescimage/objectImage_19647c2e-a8e2-49ae-8780-ae3da4ebde46.png
259,수,나의 계절,박수민,9.85,https://image-comic.pstatic.net/webtoon/790404/thumbnail/titledescimage/objectImage_19647c2e-a8e2-49ae-8780-ae3da4ebde46.png
260,수,히어로 더 맥시멈,박재이,9.85,https://image-comic.pstatic.net/webtoon/790404/thumbnail/titledescimage/objectImage_19647c2e-a8e2-49ae-8780-ae3da4ebde46.png
261,수,줄리에게,제야,9.85,https://image-comic.pstatic.net/webtoon/790404/thumbnail/titledescimage/objectImage_19647c2e-a8e2-49ae-8780-ae3da4ebde46.png
262,수,굿헌팅,"HB / 심조, 홍반장",9.86,https://image-comic.pstatic.net/webtoon/790404/thumbnail/titledescimage/objectImage_19647c2e-a8e2-49ae-8780-ae3da4ebde46.png
263,수,멸종위기종인간,사하라,9.15,https://image-comic.pstatic.net/webtoon/790404/thumbnail/titledescimage/objectImage_19647c2e-a8e2-49ae-8780-ae3da4ebde46.png
264,수,연애고수,햇님,9.89,https://image-comic.pstatic.net/webtoon/790404/thumbnail/titledescimage/objectImage_19647c2e-a8e2-49ae-8780-ae3da4ebde46.png
265,수,우리의 연애일지,오늘,9.84,https://image-comic.pstatic.net/webtoon/790404/thumbnail/titledescimage/objectImage_19647c2e-a8e2-49ae-8780-ae3da4ebde46.png
266,수,솔그린,래드,9.72,https://image-comic.pstatic.net/webtoon/790404/thumbnail/titledescimage/objectImage_19647c2e-a8e2-49ae-8780-ae3da4ebde46.png
267,수,이런 미친 엔딩,LEE세,9.91,https://image-comic.pstatic.net/webtoon/790404/thumbnail/titledescimage/objectImage_19647c2e-a8e2-49ae-8780-ae3da4ebde46.png
268,수,넷시의 비밀,비온후,9.89,https://image-comic.pstatic.net/webtoon/790404/thumbnail/titledescimage/objectImage_19647c2e-a8e2-49ae-8780-ae3da4ebde46.png
269,수,킬링대디,또이,9.25,https://image-comic.pstatic.net/webtoon/790404/thumbnail/titledescimage/objectImage_19647c2e-a8e2-49ae-8780-ae3da4ebde46.png
270,수,영웅&마왕&악당,모모 / 무영자,9.95,https://image-comic.pstatic.net/webtoon/790404/thumbnail/titledescimage/objectImage_19647c2e-a8e2-49ae-8780-ae3da4ebde46.png
271,수,낙원의 이론,무멘 / 정선우,9.88,https://image-comic.pstatic.net/webtoon/790404/thumbnail/titledescimage/objectImage_19647c2e-a8e2-49ae-8780-ae3da4ebde46.png
272,수,아이돌의 비밀 스터디,우아람,9.64,https://image-comic.pstatic.net/webtoon/790404/thumbnail/titledescimage/objectImage_19647c2e-a8e2-49ae-8780-ae3da4ebde46.png
273,수,산의 시간,지님,9.27,https://image-comic.pstatic.net/webtoon/790404/thumbnail/titledescimage/objectImage_19647c2e-a8e2-49ae-8780-ae3da4ebde46.png
274,수,기묘한 만화,몬킬,9.58,https://image-comic.pstatic.net/webtoon/790404/thumbnail/titledescimage/objectImage_19647c2e-a8e2-49ae-8780-ae3da4ebde46.png
275,수,수플레 팬 케이크,호박,9.93,https://image-comic.pstatic.net/webtoon/790404/thumbnail/titledescimage/objectImage_19647c2e-a8e2-49ae-8780-ae3da4ebde46.png
276,목,선천적 얼간이들,가스파드,9.95,https://image-comic.pstatic.net/webtoon/809054/thumbnail/titledescimage/objectImage_961bbfd5-1c82-4a6a-97cd-243cc198a30b.png
277,목,신혼일기,자까,9.92,https://image-comic.pstatic.net/webtoon/809054/thumbnail/titledescimage/objectImage_961bbfd5-1c82-4a6a-97cd-243cc198a30b.png
278,목,앞집나리,민송아,9.93,https://image-comic.pstatic.net/webtoon/809054/thumbnail/titledescimage/objectImage_961bbfd5-1c82-4a6a-97cd-243cc198a30b.png
279,목,나노마신,현절무 / 금강불괴 / 한중월야,9.90,https://image-comic.pstatic.net/webtoon/809054/thumbnail/titledescimage/objectImage_961bbfd5-1c82-4a6a-97cd-243cc198a30b.png
280,목,촉법소년,"박태준 만화회사, 남자의 이야기 / 정종택",9.88,https://image-comic.pstatic.net/webtoon/809054/thumbnail/titledescimage/objectImage_961bbfd5-1c82-4a6a-97cd-243cc198a30b.png
281,목,재벌집 막내아들,JP / 김병관 / 산경(山景),9.97,https://image-comic.pstatic.net/webtoon/809054/thumbnail/titledescimage/objectImage_961bbfd5-1c82-4a6a-97cd-243cc198a30b.png
282,목,남편을 죽여줘요,"이연, 칸트웍스 / 구물",9.96,https://image-comic.pstatic.net/webtoon/809054/thumbnail/titledescimage/objectImage_961bbfd5-1c82-4a6a-97cd-243cc198a30b.png
283,목,무사만리행,운 / 배민기,9.93,https://image-comic.pstatic.net/webtoon/809054/thumbnail/titledescimage/objectImage_961bbfd5-1c82-4a6a-97cd-243cc198a30b.png
284,목,정글쥬스,형은 / 쥬더,9.95,https://image-comic.pstatic.net/webtoon/809054/thumbnail/titledescimage/objectImage_961bbfd5-1c82-4a6a-97cd-243cc198a30b.png
285,목,현실퀘스트,이주운 / 태성,9.82,https://image-comic.pstatic.net/webtoon/809054/thumbnail/titledescimage/objectImage_961bbfd5-1c82-4a6a-97cd-243cc198a30b.png
286,목,맛집,밍규 / 드로잉창고,9.65,https://image-comic.pstatic.net/webtoon/809054/thumbnail/titledescimage/objectImage_961bbfd5-1c82-4a6a-97cd-243cc198a30b.png
287,목,마도귀환록,팀 더 제이 / MISANG / 한유림,9.82,https://image-comic.pstatic.net/webtoon/809054/thumbnail/titledescimage/objectImage_961bbfd5-1c82-4a6a-97cd-243cc198a30b.png
288,목,나 혼자 네크로맨서,김경열 / 김동준 / 지점장,9.94,https://image-comic.pstatic.net/webtoon/809054/thumbnail/titledescimage/objectImage_961bbfd5-1c82-4a6a-97cd-243cc198a30b.png
289,목,사내연애 사절!,두부 / 남수,9.95,https://image-comic.pstatic.net/webtoon/809054/thumbnail/titledescimage/objectImage_961bbfd5-1c82-4a6a-97cd-243cc198a30b.png
290,목,뮤즈 온 유명,수진,9.97,https://image-comic.pstatic.net/webtoon/809054/thumbnail/titledescimage/objectImage_961bbfd5-1c82-4a6a-97cd-243cc198a30b.png
291,목,ㅋㅋ단편.zip,네이버웹툰 작가,9.77,https://image-comic.pstatic.net/webtoon/809054/thumbnail/titledescimage/objectImage_961bbfd5-1c82-4a6a-97cd-243cc198a30b.png
292,목,네이처맨,이윤창,9.97,https://image-comic.pstatic.net/webtoon/809054/thumbnail/titledescimage/objectImage_961bbfd5-1c82-4a6a-97cd-243cc198a30b.png
293,목,천마육성,광휘 / 조형근,9.91,https://image-comic.pstatic.net/webtoon/809054/thumbnail/titledescimage/objectImage_961bbfd5-1c82-4a6a-97cd-243cc198a30b.png
294,목,SPT - 박쥐의 시간,김보통 / 본인,9.85,https://image-comic.pstatic.net/webtoon/809054/thumbnail/titledescimage/objectImage_961bbfd5-1c82-4a6a-97cd-243cc198a30b.png
295,목,내향남녀,나,9.97,https://image-comic.pstatic.net/webtoon/809054/thumbnail/titledescimage/objectImage_961bbfd5-1c82-4a6a-97cd-243cc198a30b.png
296,목,별을 삼킨 너에게,ARI,9.93,https://image-comic.pstatic.net/webtoon/809054/thumbnail/titledescimage/objectImage_961bbfd5-1c82-4a6a-97cd-243cc198a30b.png
297,목,순정빌런,세윤,9.98,https://image-comic.pstatic.net/webtoon/809054/thumbnail/titledescimage/objectImage_961bbfd5-1c82-4a6a-97cd-243cc198a30b.png
298,목,게임 속 바바리안으로 살아남기,한태수 / MIDNIGHT STUDIO / 정윤강,9.95,https://image-comic.pstatic.net/webtoon/809054/thumbnail/titledescimage/objectImage_961bbfd5-1c82-4a6a-97cd-243cc198a30b.png
299,목,가족같은 XX,서우현,9.94,https://image-comic.pstatic.net/webtoon/809054/thumbnail/titledescimage/objectImage_961bbfd5-1c82-4a6a-97cd-243cc198a30b.png
300,목,내가 사랑한 물고기,우주봄봄 / 부발,9.92,https://image-comic.pstatic.net/webtoon/809054/thumbnail/titledescimage/objectImage_961bbfd5-1c82-4a6a-97cd-243cc198a30b.png
301,목,보스였음,럭스,9.94,https://image-comic.pstatic.net/webtoon/809054/thumbnail/titledescimage/objectImage_961bbfd5-1c82-4a6a-97cd-243cc198a30b.png
302,목,비서 일탈,솔방울 / 꿀봉이 / 반지영,9.97,https://image-comic.pstatic.net/webtoon/809054/thumbnail/titledescimage/objectImage_961bbfd5-1c82-4a6a-97cd-243cc198a30b.png
303,목,특수청소,한(恨),9.82,https://image-comic.pstatic.net/webtoon/809054/thumbnail/titledescimage/objectImage_961bbfd5-1c82-4a6a-97cd-243cc198a30b.png
304,목,일립예고 학생들,백본,9.98,https://image-comic.pstatic.net/webtoon/809054/thumbnail/titledescimage/objectImage_961bbfd5-1c82-4a6a-97cd-243cc198a30b.png
305,목,마왕까지 한 걸음,윤홍,9.97,https://image-comic.pstatic.net/webtoon/809054/thumbnail/titledescimage/objectImage_961bbfd5-1c82-4a6a-97cd-243cc198a30b.png
306,목,쿠베라,카레곰,9.96,https://image-comic.pstatic.net/webtoon/809054/thumbnail/titledescimage/objectImage_961bbfd5-1c82-4a6a-97cd-243cc198a30b.png
307,목,국세청 망나니,스튜디오웨이브 / 동면거북이,9.92,https://image-comic.pstatic.net/webtoon/809054/thumbnail/titledescimage/objectImage_961bbfd5-1c82-4a6a-97cd-243cc198a30b.png
308,목,최강전설 강해효,최병열,9.59,https://image-comic.pstatic.net/webtoon/809054/thumbnail/titledescimage/objectImage_961bbfd5-1c82-4a6a-97cd-243cc198a30b.png
309,목,시한부 천재 암흑기사,정선율 / 나기,9.41,https://image-comic.pstatic.net/webtoon/809054/thumbnail/titledescimage/objectImage_961bbfd5-1c82-4a6a-97cd-243cc198a30b.png
310,목,흑막 여주가 날 새엄마로 만들려고 해,이산시 / 하리힌 / 목감기,9.97,https://image-comic.pstatic.net/webtoon/809054/thumbnail/titledescimage/objectImage_961bbfd5-1c82-4a6a-97cd-243cc198a30b.png
311,목,꽃만 키우는데 너무강함,주현후 / 쿰타타,9.97,https://image-comic.pstatic.net/webtoon/809054/thumbnail/titledescimage/objectImage_961bbfd5-1c82-4a6a-97cd-243cc198a30b.png
312,목,던전 씹어먹는 아티팩트,엄키 / 제로워터,9.92,https://image-comic.pstatic.net/webtoon/809054/thumbnail/titledescimage/objectImage_961bbfd5-1c82-4a6a-97cd-243cc198a30b.png
313,목,트롤트랩,유비,9.91,https://image-comic.pstatic.net/webtoon/809054/thumbnail/titledescimage/objectImage_961bbfd5-1c82-4a6a-97cd-243cc198a30b.png
314,목,게임 최강 트롤러,박종석 / YATO / 군만두먹자,9.88,https://image-comic.pstatic.net/webtoon/809054/thumbnail/titledescimage/objectImage_961bbfd5-1c82-4a6a-97cd-243cc198a30b.png
315,목,완벽한 결혼의 정석,영 / 제리볼 / 이범배,9.84,https://image-comic.pstatic.net/webtoon/809054/thumbnail/titledescimage/objectImage_961bbfd5-1c82-4a6a-97cd-243cc198a30b.png
316,목,루루라라 우리네 인생,현이씨,9.96,https://image-comic.pstatic.net/webtoon/809054/thumbnail/titledescimage/objectImage_961bbfd5-1c82-4a6a-97cd-243cc198a30b.png
317,목,이게 웬 떡,박쓰담,9.94,https://image-comic.pstatic.net/webtoon/809054/thumbnail/titledescimage/objectImage_961bbfd5-1c82-4a6a-97cd-243cc198a30b.png
318,목,네가 죽기를 바랄 때가 있었다,기매 / 아란 / 진서,9.94,https://image-comic.pstatic.net/webtoon/809054/thumbnail/titledescimage/objectImage_961bbfd5-1c82-4a6a-97cd-243cc198a30b.png
319,목,서울밤피어,송지형,9.92,https://image-comic.pstatic.net/webtoon/809054/thumbnail/titledescimage/objectImage_961bbfd5-1c82-4a6a-97cd-243cc198a30b.png
320,목,마법사랑해,명랑 / 청설모,9.97,https://image-comic.pstatic.net/webtoon/809054/thumbnail/titledescimage/objectImage_961bbfd5-1c82-4a6a-97cd-243cc198a30b.png
321,목,오만의 시대,팀 코모도 / 한솔 / 레몬개구리,9.95,https://image-comic.pstatic.net/webtoon/809054/thumbnail/titledescimage/objectImage_961bbfd5-1c82-4a6a-97cd-243cc198a30b.png
322,목,더티드레스,zzZ,9.84,https://image-comic.pstatic.net/webtoon/809054/thumbnail/titledescimage/objectImage_961bbfd5-1c82-4a6a-97cd-243cc198a30b.png
323,목,돈내놔,은류 / 도늑,8.34,https://image-comic.pstatic.net/webtoon/809054/thumbnail/titledescimage/objectImage_961bbfd5-1c82-4a6a-97cd-243cc198a30b.png
324,목,웨폰 크리에이터,서태랑 / 강재,9.56,https://image-comic.pstatic.net/webtoon/809054/thumbnail/titledescimage/objectImage_961bbfd5-1c82-4a6a-97cd-243cc198a30b.png
325,목,해시의 신루,명랑 / INUS / 윤이수,9.97,https://image-comic.pstatic.net/webtoon/809054/thumbnail/titledescimage/objectImage_961bbfd5-1c82-4a6a-97cd-243cc198a30b.png
326,목,당신의 그림자를 그만두었을 때,봉이 / 유성 / Rana,9.97,https://image-comic.pstatic.net/webtoon/809054/thumbnail/titledescimage/objectImage_961bbfd5-1c82-4a6a-97cd-243cc198a30b.png
327,목,위대한 겸상,홍치,9.86,https://image-comic.pstatic.net/webtoon/809054/thumbnail/titledescimage/objectImage_961bbfd5-1c82-4a6a-97cd-243cc198a30b.png
328,목,이상한 변호사 우영우,"원프로젝트 / 화음조, 이예지",6.99,https://image-comic.pstatic.net/webtoon/809054/thumbnail/titledescimage/objectImage_961bbfd5-1c82-4a6a-97cd-243cc198a30b.png
329,목,만능잡캐,"홍실, 키보드만세 / 김대훈",9.86,https://image-comic.pstatic.net/webtoon/809054/thumbnail/titledescimage/objectImage_961bbfd5-1c82-4a6a-97cd-243cc198a30b.png
330,목,킬더킹,마사토끼 / joana,9.69,https://image-comic.pstatic.net/webtoon/809054/thumbnail/titledescimage/objectImage_961bbfd5-1c82-4a6a-97cd-243cc198a30b.png
331,목,갓트,서패스 / 아거주누,9.91,https://image-comic.pstatic.net/webtoon/809054/thumbnail/titledescimage/objectImage_961bbfd5-1c82-4a6a-97cd-243cc198a30b.png
332,목,썩은 핑크의 법칙,힙합신선,9.97,https://image-comic.pstatic.net/webtoon/809054/thumbnail/titledescimage/objectImage_961bbfd5-1c82-4a6a-97cd-243cc198a30b.png
333,목,그 악룡은 무엇을 위해 사는가,호나란 / 마누비 / 레몬개구리,9.95,https://image-comic.pstatic.net/webtoon/809054/thumbnail/titledescimage/objectImage_961bbfd5-1c82-4a6a-97cd-243cc198a30b.png
334,목,미라주,박대혁,9.18,https://image-comic.pstatic.net/webtoon/809054/thumbnail/titledescimage/objectImage_961bbfd5-1c82-4a6a-97cd-243cc198a30b.png
335,목,코인 리벤지,박성현,9.88,https://image-comic.pstatic.net/webtoon/809054/thumbnail/titledescimage/objectImage_961bbfd5-1c82-4a6a-97cd-243cc198a30b.png
336,목,쌍둥이 영애가 남장을 하는 이유,아마미야 레이 / M N,9.86,https://image-comic.pstatic.net/webtoon/809054/thumbnail/titledescimage/objectImage_961bbfd5-1c82-4a6a-97cd-243cc198a30b.png
337,목,THE 런웨이,도미 / 녹두 / Hirachell,9.83,https://image-comic.pstatic.net/webtoon/809054/thumbnail/titledescimage/objectImage_961bbfd5-1c82-4a6a-97cd-243cc198a30b.png
338,목,여친을 찾아서,뻥 / 타로맨,9.85,https://image-comic.pstatic.net/webtoon/809054/thumbnail/titledescimage/objectImage_961bbfd5-1c82-4a6a-97cd-243cc198a30b.png
339,목,나의 불편한 상사,탄지 / 남은경 / 이다홍,9.82,https://image-comic.pstatic.net/webtoon/809054/thumbnail/titledescimage/objectImage_961bbfd5-1c82-4a6a-97cd-243cc198a30b.png
340,목,만물의 영장,보민,9.96,https://image-comic.pstatic.net/webtoon/809054/thumbnail/titledescimage/objectImage_961bbfd5-1c82-4a6a-97cd-243cc198a30b.png
341,목,"엔딩, 바꿔보려합니다",모카빵,9.96,https://image-comic.pstatic.net/webtoon/809054/thumbnail/titledescimage/objectImage_961bbfd5-1c82-4a6a-97cd-243cc198a30b.png
342,목,달의 요람,이정선,4.20,https://image-comic.pstatic.net/webtoon/809054/thumbnail/titledescimage/objectImage_961bbfd5-1c82-4a6a-97cd-243cc198a30b.png
343,목,케찰코아틀 - 다빗,d몬,9.95,https://image-comic.pstatic.net/webtoon/809054/thumbnail/titledescimage/objectImage_961bbfd5-1c82-4a6a-97cd-243cc198a30b.png
344,목,불쌍해야 하는 남자,윤병,9.65,https://image-comic.pstatic.net/webtoon/809054/thumbnail/titledescimage/objectImage_961bbfd5-1c82-4a6a-97cd-243cc198a30b.png
345,목,괴물의 바다,삼칠,9.57,https://image-comic.pstatic.net/webtoon/809054/thumbnail/titledescimage/objectImage_961bbfd5-1c82-4a6a-97cd-243cc198a30b.png
346,목,"이러면 안 돼요, 전하!",안진애 / 우라노스 / 최아리,9.96,https://image-comic.pstatic.net/webtoon/809054/thumbnail/titledescimage/objectImage_961bbfd5-1c82-4a6a-97cd-243cc198a30b.png
347,목,이 주길럼의 전장,김세훈,9.30,https://image-comic.pstatic.net/webtoon/809054/thumbnail/titledescimage/objectImage_961bbfd5-1c82-4a6a-97cd-243cc198a30b.png
348,목,35cm,홍가,9.51,https://image-comic.pstatic.net/webtoon/809054/thumbnail/titledescimage/objectImage_961bbfd5-1c82-4a6a-97cd-243cc198a30b.png
349,목,너와 XX,뉸,9.86,https://image-comic.pstatic.net/webtoon/809054/thumbnail/titledescimage/objectImage_961bbfd5-1c82-4a6a-97cd-243cc198a30b.png
350,목,독거미,신진우 / 홍순식,9.71,https://image-comic.pstatic.net/webtoon/809054/thumbnail/titledescimage/objectImage_961bbfd5-1c82-4a6a-97cd-243cc198a30b.png
351,목,아빠같은 남자,이수민,9.81,https://image-comic.pstatic.net/webtoon/809054/thumbnail/titledescimage/objectImage_961bbfd5-1c82-4a6a-97cd-243cc198a30b.png
352,목,규격 외 혈통 천재,ZAINO / 클로버 / 소울풍,9.87,https://image-comic.pstatic.net/webtoon/809054/thumbnail/titledescimage/objectImage_961bbfd5-1c82-4a6a-97cd-243cc198a30b.png
353,목,따개비,뜰새 / delete / 레고밟았어,8.85,https://image-comic.pstatic.net/webtoon/809054/thumbnail/titledescimage/objectImage_961bbfd5-1c82-4a6a-97cd-243cc198a30b.png
354,목,잘못된 연애,파키타리,8.58,https://image-comic.pstatic.net/webtoon/809054/thumbnail/titledescimage/objectImage_961bbfd5-1c82-4a6a-97cd-243cc198a30b.png
355,목,3X3!,만능유자차,9.97,https://image-comic.pstatic.net/webtoon/809054/thumbnail/titledescimage/objectImage_961bbfd5-1c82-4a6a-97cd-243cc198a30b.png
356,목,나쁜 마법사의 꿈,이아거,9.07,https://image-comic.pstatic.net/webtoon/809054/thumbnail/titledescimage/objectImage_961bbfd5-1c82-4a6a-97cd-243cc198a30b.png
357,목,순수한 동거생활,성은 / 플아다,9.93,https://image-comic.pstatic.net/webtoon/809054/thumbnail/titledescimage/objectImage_961bbfd5-1c82-4a6a-97cd-243cc198a30b.png
358,목,배트맨: 웨인 패밀리 어드벤처,CRC Payne / StarBite,9.82,https://image-comic.pstatic.net/webtoon/809054/thumbnail/titledescimage/objectImage_961bbfd5-1c82-4a6a-97cd-243cc198a30b.png
359,목,사기 친 공작님을 유혹해버렸다,T.Heimdallr / 쥐똥새똥,9.94,https://image-comic.pstatic.net/webtoon/809054/thumbnail/titledescimage/objectImage_961bbfd5-1c82-4a6a-97cd-243cc198a30b.png
360,목,사랑하는 여배우들,고나리자 / 수정,9.95,https://image-comic.pstatic.net/webtoon/809054/thumbnail/titledescimage/objectImage_961bbfd5-1c82-4a6a-97cd-243cc198a30b.png
361,목,카루나,강호진,9.82,https://image-comic.pstatic.net/webtoon/809054/thumbnail/titledescimage/objectImage_961bbfd5-1c82-4a6a-97cd-243cc198a30b.png
362,목,올빼미와 여름 하늘,WmW / 레베카 설리번,9.81,https://image-comic.pstatic.net/webtoon/809054/thumbnail/titledescimage/objectImage_961bbfd5-1c82-4a6a-97cd-243cc198a30b.png
363,목,유월의 소한,윤정민,9.48,https://image-comic.pstatic.net/webtoon/809054/thumbnail/titledescimage/objectImage_961bbfd5-1c82-4a6a-97cd-243cc198a30b.png
364,목,보물과 괴물의 도시,이을,9.95,https://image-comic.pstatic.net/webtoon/809054/thumbnail/titledescimage/objectImage_961bbfd5-1c82-4a6a-97cd-243cc198a30b.png
365,목,권리행사자,샤이탄,9.77,https://image-comic.pstatic.net/webtoon/809054/thumbnail/titledescimage/objectImage_961bbfd5-1c82-4a6a-97cd-243cc198a30b.png
366,목,황제사냥,KAN,9.95,https://image-comic.pstatic.net/webtoon/809054/thumbnail/titledescimage/objectImage_961bbfd5-1c82-4a6a-97cd-243cc198a30b.png
367,목,베니루 BAENIRU,우지금,9.90,https://image-comic.pstatic.net/webtoon/809054/thumbnail/titledescimage/objectImage_961bbfd5-1c82-4a6a-97cd-243cc198a30b.png
368,목,아인슈페너,한끼룩,9.94,https://image-comic.pstatic.net/webtoon/809054/thumbnail/titledescimage/objectImage_961bbfd5-1c82-4a6a-97cd-243cc198a30b.png
369,금,외모지상주의,박태준,9.47,https://image-comic.pstatic.net/webtoon/794423/thumbnail/titledescimage/objectImage_6bcdf6d4-5374-468e-b06b-eaea74d09513.png
370,금,광마회귀,JP / 이히 / 유진성,9.97,https://image-comic.pstatic.net/webtoon/794423/thumbnail/titledescimage/objectImage_6bcdf6d4-5374-468e-b06b-eaea74d09513.png
371,금,나 혼자 만렙 뉴비,WAN.Z / 스윙뱃 / 메슬로우,9.92,https://image-comic.pstatic.net/webtoon/794423/thumbnail/titledescimage/objectImage_6bcdf6d4-5374-468e-b06b-eaea74d09513.png
372,금,재혼 황후,히어리 / 숨풀 / 알파타르트,9.96,https://image-comic.pstatic.net/webtoon/794423/thumbnail/titledescimage/objectImage_6bcdf6d4-5374-468e-b06b-eaea74d09513.png
373,금,대학원 탈출일지,요다,9.97,https://image-comic.pstatic.net/webtoon/794423/thumbnail/titledescimage/objectImage_6bcdf6d4-5374-468e-b06b-eaea74d09513.png
374,금,데드퀸,김규삼,9.96,https://image-comic.pstatic.net/webtoon/794423/thumbnail/titledescimage/objectImage_6bcdf6d4-5374-468e-b06b-eaea74d09513.png
375,금,역대급 영지 설계사,이현민 / 김현수 / 문백경,9.97,https://image-comic.pstatic.net/webtoon/794423/thumbnail/titledescimage/objectImage_6bcdf6d4-5374-468e-b06b-eaea74d09513.png
376,금,"언니, 이번 생엔 내가 왕비야",Omin / 테미스 / 레팔진프,9.96,https://image-comic.pstatic.net/webtoon/794423/thumbnail/titledescimage/objectImage_6bcdf6d4-5374-468e-b06b-eaea74d09513.png
377,금,1초,시니 / 광운,9.98,https://image-comic.pstatic.net/webtoon/794423/thumbnail/titledescimage/objectImage_6bcdf6d4-5374-468e-b06b-eaea74d09513.png
378,금,상남자,하늘소 / 도가도 / 김태궁,9.96,https://image-comic.pstatic.net/webtoon/794423/thumbnail/titledescimage/objectImage_6bcdf6d4-5374-468e-b06b-eaea74d09513.png
379,금,어쩌다보니 천생연분,꿀타래 / 담초,9.97,https://image-comic.pstatic.net/webtoon/794423/thumbnail/titledescimage/objectImage_6bcdf6d4-5374-468e-b06b-eaea74d09513.png
380,금,낙향문사전,바킹독 / 팀 페가수스 / 언라이팅,9.77,https://image-comic.pstatic.net/webtoon/794423/thumbnail/titledescimage/objectImage_6bcdf6d4-5374-468e-b06b-eaea74d09513.png
381,금,죽지 않으려면,파래 / 임진국,9.90,https://image-comic.pstatic.net/webtoon/794423/thumbnail/titledescimage/objectImage_6bcdf6d4-5374-468e-b06b-eaea74d09513.png
382,금,세기말 풋사과 보습학원,순끼,9.98,https://image-comic.pstatic.net/webtoon/794423/thumbnail/titledescimage/objectImage_6bcdf6d4-5374-468e-b06b-eaea74d09513.png
383,금,천하제일 대사형,YooN / 북미혼,9.95,https://image-comic.pstatic.net/webtoon/794423/thumbnail/titledescimage/objectImage_6bcdf6d4-5374-468e-b06b-eaea74d09513.png
384,금,사신,임재원 / 설봉,9.95,https://image-comic.pstatic.net/webtoon/794423/thumbnail/titledescimage/objectImage_6bcdf6d4-5374-468e-b06b-eaea74d09513.png
385,금,전남편의 미친개를 길들였다,철무장미 / 자개 / 재겸,9.97,https://image-comic.pstatic.net/webtoon/794423/thumbnail/titledescimage/objectImage_6bcdf6d4-5374-468e-b06b-eaea74d09513.png
386,금,A.I. 닥터,ZAINO / 쿠큐 / 한산이가,9.97,https://image-comic.pstatic.net/webtoon/794423/thumbnail/titledescimage/objectImage_6bcdf6d4-5374-468e-b06b-eaea74d09513.png
387,금,대신 살쪄주는 여자,롸나,8.77,https://image-comic.pstatic.net/webtoon/794423/thumbnail/titledescimage/objectImage_6bcdf6d4-5374-468e-b06b-eaea74d09513.png
388,금,삼국지톡,무적핑크 / 이리,9.89,https://image-comic.pstatic.net/webtoon/794423/thumbnail/titledescimage/objectImage_6bcdf6d4-5374-468e-b06b-eaea74d09513.png
389,금,나혼자 탑에서 농사,임형 / 이하경 / sdcknight,9.94,https://image-comic.pstatic.net/webtoon/794423/thumbnail/titledescimage/objectImage_6bcdf6d4-5374-468e-b06b-eaea74d09513.png
390,금,약탈 신부,팀 카푸치노 / 강희자매,9.85,https://image-comic.pstatic.net/webtoon/794423/thumbnail/titledescimage/objectImage_6bcdf6d4-5374-468e-b06b-eaea74d09513.png
391,금,개를 낳았다,이선,9.94,https://image-comic.pstatic.net/webtoon/794423/thumbnail/titledescimage/objectImage_6bcdf6d4-5374-468e-b06b-eaea74d09513.png
392,금,여우놀이,황혜진,9.97,https://image-comic.pstatic.net/webtoon/794423/thumbnail/titledescimage/objectImage_6bcdf6d4-5374-468e-b06b-eaea74d09513.png
393,금,말년용사,후딩 / 신마니,9.93,https://image-comic.pstatic.net/webtoon/794423/thumbnail/titledescimage/objectImage_6bcdf6d4-5374-468e-b06b-eaea74d09513.png
394,금,흑요석의 신부,왕보라청푸름 / 팀 쿼츠,9.95,https://image-comic.pstatic.net/webtoon/794423/thumbnail/titledescimage/objectImage_6bcdf6d4-5374-468e-b06b-eaea74d09513.png
395,금,커플브레이커,기맹기 / 태건,9.94,https://image-comic.pstatic.net/webtoon/794423/thumbnail/titledescimage/objectImage_6bcdf6d4-5374-468e-b06b-eaea74d09513.png
396,금,연애의 기록,베어리,9.27,https://image-comic.pstatic.net/webtoon/794423/thumbnail/titledescimage/objectImage_6bcdf6d4-5374-468e-b06b-eaea74d09513.png
397,금,그렇고 그런 바람에,아니영,9.97,https://image-comic.pstatic.net/webtoon/794423/thumbnail/titledescimage/objectImage_6bcdf6d4-5374-468e-b06b-eaea74d09513.png
398,금,서울역 드루이드,문성호 / 활성곰 / 진설우,9.78,https://image-comic.pstatic.net/webtoon/794423/thumbnail/titledescimage/objectImage_6bcdf6d4-5374-468e-b06b-eaea74d09513.png
399,금,더 게이머,성상영 / 상아,8.42,https://image-comic.pstatic.net/webtoon/794423/thumbnail/titledescimage/objectImage_6bcdf6d4-5374-468e-b06b-eaea74d09513.png
400,금,히어로 킬러,꿀벌 / 벌꿀,9.96,https://image-comic.pstatic.net/webtoon/794423/thumbnail/titledescimage/objectImage_6bcdf6d4-5374-468e-b06b-eaea74d09513.png
401,금,브레이커 : 이터널 포스,전극진 / 박진환,9.86,https://image-comic.pstatic.net/webtoon/794423/thumbnail/titledescimage/objectImage_6bcdf6d4-5374-468e-b06b-eaea74d09513.png
402,금,폭군님은 착하게 살고 싶어,람글 / 카콘,9.97,https://image-comic.pstatic.net/webtoon/794423/thumbnail/titledescimage/objectImage_6bcdf6d4-5374-468e-b06b-eaea74d09513.png
403,금,문제적 왕자님,선인장 / 솔체,9.96,https://image-comic.pstatic.net/webtoon/794423/thumbnail/titledescimage/objectImage_6bcdf6d4-5374-468e-b06b-eaea74d09513.png
404,금,펜홀더,이은재,9.91,https://image-comic.pstatic.net/webtoon/794423/thumbnail/titledescimage/objectImage_6bcdf6d4-5374-468e-b06b-eaea74d09513.png
405,금,그 기사가 레이디로 사는 법,아인 / Ink. / 성혜림,9.96,https://image-comic.pstatic.net/webtoon/794423/thumbnail/titledescimage/objectImage_6bcdf6d4-5374-468e-b06b-eaea74d09513.png
406,금,희란국연가,MIDNIGHT STUDIO / 김수지,9.96,https://image-comic.pstatic.net/webtoon/794423/thumbnail/titledescimage/objectImage_6bcdf6d4-5374-468e-b06b-eaea74d09513.png
407,금,도깨비의 밤,문식 / 도올,9.92,https://image-comic.pstatic.net/webtoon/794423/thumbnail/titledescimage/objectImage_6bcdf6d4-5374-468e-b06b-eaea74d09513.png
408,금,플레이어,박종석 / 오현준,9.92,https://image-comic.pstatic.net/webtoon/794423/thumbnail/titledescimage/objectImage_6bcdf6d4-5374-468e-b06b-eaea74d09513.png
409,금,소름일기,siAm,9.84,https://image-comic.pstatic.net/webtoon/794423/thumbnail/titledescimage/objectImage_6bcdf6d4-5374-468e-b06b-eaea74d09513.png
410,금,대위님! 이번 전쟁터는 이곳인가요?,김망고 / 비터버 / 리묘,9.95,https://image-comic.pstatic.net/webtoon/794423/thumbnail/titledescimage/objectImage_6bcdf6d4-5374-468e-b06b-eaea74d09513.png
411,금,바스티안,아빈 / 솔체,9.96,https://image-comic.pstatic.net/webtoon/794423/thumbnail/titledescimage/objectImage_6bcdf6d4-5374-468e-b06b-eaea74d09513.png
412,금,평화식당,턍 / 서우서우,9.89,https://image-comic.pstatic.net/webtoon/794423/thumbnail/titledescimage/objectImage_6bcdf6d4-5374-468e-b06b-eaea74d09513.png
413,금,언다잉,임목원,9.90,https://image-comic.pstatic.net/webtoon/794423/thumbnail/titledescimage/objectImage_6bcdf6d4-5374-468e-b06b-eaea74d09513.png
414,금,온리호프,초승,9.97,https://image-comic.pstatic.net/webtoon/794423/thumbnail/titledescimage/objectImage_6bcdf6d4-5374-468e-b06b-eaea74d09513.png
415,금,그거 사랑 아니야,민원백,9.73,https://image-comic.pstatic.net/webtoon/794423/thumbnail/titledescimage/objectImage_6bcdf6d4-5374-468e-b06b-eaea74d09513.png
416,금,쌈빡,38,9.77,https://image-comic.pstatic.net/webtoon/794423/thumbnail/titledescimage/objectImage_6bcdf6d4-5374-468e-b06b-eaea74d09513.png
417,금,웅크,나유진,9.97,https://image-comic.pstatic.net/webtoon/794423/thumbnail/titledescimage/objectImage_6bcdf6d4-5374-468e-b06b-eaea74d09513.png
418,금,킬 더 드래곤,현가 / 미스 지수 / 백수귀족,9.95,https://image-comic.pstatic.net/webtoon/794423/thumbnail/titledescimage/objectImage_6bcdf6d4-5374-468e-b06b-eaea74d09513.png
419,금,2023 루키 단편선,네이버웹툰 작가,9.60,https://image-comic.pstatic.net/webtoon/794423/thumbnail/titledescimage/objectImage_6bcdf6d4-5374-468e-b06b-eaea74d09513.png
420,금,신컨의 원 코인 클리어,스튜디오 호호이 / Akheres,9.85,https://image-comic.pstatic.net/webtoon/794423/thumbnail/titledescimage/objectImage_6bcdf6d4-5374-468e-b06b-eaea74d09513.png
421,금,로또 황녀님,"무무경 / 도힌, 보리멸",9.96,https://image-comic.pstatic.net/webtoon/794423/thumbnail/titledescimage/objectImage_6bcdf6d4-5374-468e-b06b-eaea74d09513.png
422,금,그냥 선생님,연일,9.97,https://image-comic.pstatic.net/webtoon/794423/thumbnail/titledescimage/objectImage_6bcdf6d4-5374-468e-b06b-eaea74d09513.png
423,금,죽음으로 구원하사,고요빛 / 유니,9.90,https://image-comic.pstatic.net/webtoon/794423/thumbnail/titledescimage/objectImage_6bcdf6d4-5374-468e-b06b-eaea74d09513.png
424,금,성스러운 그대 이르시길,"26, 유다, 앵뚜 / 로주 / 미나토",9.97,https://image-comic.pstatic.net/webtoon/794423/thumbnail/titledescimage/objectImage_6bcdf6d4-5374-468e-b06b-eaea74d09513.png
425,금,룸9,은작,9.79,https://image-comic.pstatic.net/webtoon/794423/thumbnail/titledescimage/objectImage_6bcdf6d4-5374-468e-b06b-eaea74d09513.png
426,금,후덜덜덜 남극전자,김민혁,9.87,https://image-comic.pstatic.net/webtoon/794423/thumbnail/titledescimage/objectImage_6bcdf6d4-5374-468e-b06b-eaea74d09513.png
427,금,절대복종,혼,9.03,https://image-comic.pstatic.net/webtoon/794423/thumbnail/titledescimage/objectImage_6bcdf6d4-5374-468e-b06b-eaea74d09513.png
428,금,몽홀,장태산,9.90,https://image-comic.pstatic.net/webtoon/794423/thumbnail/titledescimage/objectImage_6bcdf6d4-5374-468e-b06b-eaea74d09513.png
429,금,여름여자 하보이,석영,9.97,https://image-comic.pstatic.net/webtoon/794423/thumbnail/titledescimage/objectImage_6bcdf6d4-5374-468e-b06b-eaea74d09513.png
430,금,스토커의 하루,bunny,9.62,https://image-comic.pstatic.net/webtoon/794423/thumbnail/titledescimage/objectImage_6bcdf6d4-5374-468e-b06b-eaea74d09513.png
431,금,멜빈이 그들에게 남긴 것,삼칠13 / 팀 해피게리 / 류희온,9.97,https://image-comic.pstatic.net/webtoon/794423/thumbnail/titledescimage/objectImage_6bcdf6d4-5374-468e-b06b-eaea74d09513.png
432,금,지니오패스,공현곤,9.91,https://image-comic.pstatic.net/webtoon/794423/thumbnail/titledescimage/objectImage_6bcdf6d4-5374-468e-b06b-eaea74d09513.png
433,금,메소드 연기법,김이연,9.95,https://image-comic.pstatic.net/webtoon/794423/thumbnail/titledescimage/objectImage_6bcdf6d4-5374-468e-b06b-eaea74d09513.png
434,금,너의 키스씬,조니조,9.91,https://image-comic.pstatic.net/webtoon/794423/thumbnail/titledescimage/objectImage_6bcdf6d4-5374-468e-b06b-eaea74d09513.png
435,금,드래곤의 심장을 가지고 있습니다,시뉴라,9.96,https://image-comic.pstatic.net/webtoon/794423/thumbnail/titledescimage/objectImage_6bcdf6d4-5374-468e-b06b-eaea74d09513.png
436,금,오!너의 리스크,바리,9.96,https://image-comic.pstatic.net/webtoon/794423/thumbnail/titledescimage/objectImage_6bcdf6d4-5374-468e-b06b-eaea74d09513.png
437,금,재앙의 날,환상특급 / 이승찬,9.86,https://image-comic.pstatic.net/webtoon/794423/thumbnail/titledescimage/objectImage_6bcdf6d4-5374-468e-b06b-eaea74d09513.png
438,금,달이 없는 나라,엥비,9.97,https://image-comic.pstatic.net/webtoon/794423/thumbnail/titledescimage/objectImage_6bcdf6d4-5374-468e-b06b-eaea74d09513.png
439,금,인피니티,2오,9.78,https://image-comic.pstatic.net/webtoon/794423/thumbnail/titledescimage/objectImage_6bcdf6d4-5374-468e-b06b-eaea74d09513.png
440,금,백년게임,하람 / 지야,9.84,https://image-comic.pstatic.net/webtoon/794423/thumbnail/titledescimage/objectImage_6bcdf6d4-5374-468e-b06b-eaea74d09513.png
441,금,우리 무슨 사이야?,고농,9.81,https://image-comic.pstatic.net/webtoon/794423/thumbnail/titledescimage/objectImage_6bcdf6d4-5374-468e-b06b-eaea74d09513.png
442,금,연기는 처음인데요?!,홍로베 / 앨렴,9.93,https://image-comic.pstatic.net/webtoon/794423/thumbnail/titledescimage/objectImage_6bcdf6d4-5374-468e-b06b-eaea74d09513.png
443,금,별빛 커튼콜,아르몽,9.96,https://image-comic.pstatic.net/webtoon/794423/thumbnail/titledescimage/objectImage_6bcdf6d4-5374-468e-b06b-eaea74d09513.png
444,금,미드우트,원김,9.94,https://image-comic.pstatic.net/webtoon/794423/thumbnail/titledescimage/objectImage_6bcdf6d4-5374-468e-b06b-eaea74d09513.png
445,금,합법해적 파르페,뼈피살,9.96,https://image-comic.pstatic.net/webtoon/794423/thumbnail/titledescimage/objectImage_6bcdf6d4-5374-468e-b06b-eaea74d09513.png
446,금,하나는 적고 둘은 너무 많아,젤리피쉬 / 손모모,9.68,https://image-comic.pstatic.net/webtoon/794423/thumbnail/titledescimage/objectImage_6bcdf6d4-5374-468e-b06b-eaea74d09513.png
447,금,비밀친구,이밤애 / 사바싸,9.84,https://image-comic.pstatic.net/webtoon/794423/thumbnail/titledescimage/objectImage_6bcdf6d4-5374-468e-b06b-eaea74d09513.png
448,금,"푸른 밤, 황홀의 윤무",호찌 / 해독 / 유안나,9.94,https://image-comic.pstatic.net/webtoon/794423/thumbnail/titledescimage/objectImage_6bcdf6d4-5374-468e-b06b-eaea74d09513.png
449,금,천상의 주인,권러프 / MOOHAK,9.71,https://image-comic.pstatic.net/webtoon/794423/thumbnail/titledescimage/objectImage_6bcdf6d4-5374-468e-b06b-eaea74d09513.png
450,금,미친 후작을 길들이고 말았다,골지 / 이레 / 로판맛집,9.96,https://image-comic.pstatic.net/webtoon/794423/thumbnail/titledescimage/objectImage_6bcdf6d4-5374-468e-b06b-eaea74d09513.png
451,금,애증화음,전구,9.94,https://image-comic.pstatic.net/webtoon/794423/thumbnail/titledescimage/objectImage_6bcdf6d4-5374-468e-b06b-eaea74d09513.png
452,금,신의 최애캐,김찹쌀,9.69,https://image-comic.pstatic.net/webtoon/794423/thumbnail/titledescimage/objectImage_6bcdf6d4-5374-468e-b06b-eaea74d09513.png
453,금,히트포인트,민형 / 여강현,9.64,https://image-comic.pstatic.net/webtoon/794423/thumbnail/titledescimage/objectImage_6bcdf6d4-5374-468e-b06b-eaea74d09513.png
454,금,크림슨 하트,HYBE,9.64,https://image-comic.pstatic.net/webtoon/794423/thumbnail/titledescimage/objectImage_6bcdf6d4-5374-468e-b06b-eaea74d09513.png
455,금,뜨거운 홍차,"에리카, 느리 / ZZING / 김빵",9.85,https://image-comic.pstatic.net/webtoon/794423/thumbnail/titledescimage/objectImage_6bcdf6d4-5374-468e-b06b-eaea74d09513.png
456,금,지옥 키우기,세하,9.82,https://image-comic.pstatic.net/webtoon/794423/thumbnail/titledescimage/objectImage_6bcdf6d4-5374-468e-b06b-eaea74d09513.png
457,금,세라는 망돌,햇살,9.24,https://image-comic.pstatic.net/webtoon/794423/thumbnail/titledescimage/objectImage_6bcdf6d4-5374-468e-b06b-eaea74d09513.png
458,금,기억해줘,BD / 왈치,9.91,https://image-comic.pstatic.net/webtoon/794423/thumbnail/titledescimage/objectImage_6bcdf6d4-5374-468e-b06b-eaea74d09513.png
459,토,호랑이형님,이상규,9.92,https://image-comic.pstatic.net/webtoon/792651/thumbnail/titledescimage/objectImage_18c49b94-0900-46ac-9823-29bdfe6e4f3f.png
460,토,99강화나무몽둥이,홍실 / 지페리,9.82,https://image-comic.pstatic.net/webtoon/792651/thumbnail/titledescimage/objectImage_18c49b94-0900-46ac-9823-29bdfe6e4f3f.png
461,토,초인의 시대,섭이,9.95,https://image-comic.pstatic.net/webtoon/792651/thumbnail/titledescimage/objectImage_18c49b94-0900-46ac-9823-29bdfe6e4f3f.png
462,토,취사병 전설이 되다,제이로빈 / 이진수,9.87,https://image-comic.pstatic.net/webtoon/792651/thumbnail/titledescimage/objectImage_18c49b94-0900-46ac-9823-29bdfe6e4f3f.png
463,토,마님이네 미국 시골집 이야기,마님,8.15,https://image-comic.pstatic.net/webtoon/792651/thumbnail/titledescimage/objectImage_18c49b94-0900-46ac-9823-29bdfe6e4f3f.png
464,토,프리드로우,전선욱,9.79,https://image-comic.pstatic.net/webtoon/792651/thumbnail/titledescimage/objectImage_18c49b94-0900-46ac-9823-29bdfe6e4f3f.png
465,토,얼짱시대,"박태준 만화회사, 남자의 이야기 / 박태준 만화회사",9.83,https://image-comic.pstatic.net/webtoon/792651/thumbnail/titledescimage/objectImage_18c49b94-0900-46ac-9823-29bdfe6e4f3f.png
466,토,망나니 소교주로 환생했다,재무 / 전마두 / 대은호,9.85,https://image-comic.pstatic.net/webtoon/792651/thumbnail/titledescimage/objectImage_18c49b94-0900-46ac-9823-29bdfe6e4f3f.png
467,토,마도전생기,포스스튜디오 / codezero,9.80,https://image-comic.pstatic.net/webtoon/792651/thumbnail/titledescimage/objectImage_18c49b94-0900-46ac-9823-29bdfe6e4f3f.png
468,토,유쾌한 왕따(재),김숭늉,9.92,https://image-comic.pstatic.net/webtoon/792651/thumbnail/titledescimage/objectImage_18c49b94-0900-46ac-9823-29bdfe6e4f3f.png
469,토,작전명 순정,꼬까리 / 들덤,9.96,https://image-comic.pstatic.net/webtoon/792651/thumbnail/titledescimage/objectImage_18c49b94-0900-46ac-9823-29bdfe6e4f3f.png
470,토,물위의 우리,뱁새 / 왈패,9.97,https://image-comic.pstatic.net/webtoon/792651/thumbnail/titledescimage/objectImage_18c49b94-0900-46ac-9823-29bdfe6e4f3f.png
471,토,귀환했는데 입대 전날이다,해일 / 오코믹 / 황금비둘기,9.92,https://image-comic.pstatic.net/webtoon/792651/thumbnail/titledescimage/objectImage_18c49b94-0900-46ac-9823-29bdfe6e4f3f.png
472,토,아홉수 우리들,수박양,9.97,https://image-comic.pstatic.net/webtoon/792651/thumbnail/titledescimage/objectImage_18c49b94-0900-46ac-9823-29bdfe6e4f3f.png
473,토,은탄,김규삼,9.95,https://image-comic.pstatic.net/webtoon/792651/thumbnail/titledescimage/objectImage_18c49b94-0900-46ac-9823-29bdfe6e4f3f.png
474,토,괴양이,붉은코끼리,9.69,https://image-comic.pstatic.net/webtoon/792651/thumbnail/titledescimage/objectImage_18c49b94-0900-46ac-9823-29bdfe6e4f3f.png
475,토,세레나,정이나,9.95,https://image-comic.pstatic.net/webtoon/792651/thumbnail/titledescimage/objectImage_18c49b94-0900-46ac-9823-29bdfe6e4f3f.png
476,토,킬러경찰,이제환 / 이윤균,9.68,https://image-comic.pstatic.net/webtoon/792651/thumbnail/titledescimage/objectImage_18c49b94-0900-46ac-9823-29bdfe6e4f3f.png
477,토,망치하르방,상상어,9.94,https://image-comic.pstatic.net/webtoon/792651/thumbnail/titledescimage/objectImage_18c49b94-0900-46ac-9823-29bdfe6e4f3f.png
478,토,스터디그룹,신형욱 / 유승연,9.96,https://image-comic.pstatic.net/webtoon/792651/thumbnail/titledescimage/objectImage_18c49b94-0900-46ac-9823-29bdfe6e4f3f.png
479,토,황제의 검,레드훅 / 류신 / 임무성,9.85,https://image-comic.pstatic.net/webtoon/792651/thumbnail/titledescimage/objectImage_18c49b94-0900-46ac-9823-29bdfe6e4f3f.png
480,토,놓지마 정신줄 시즌3,신태훈 / 나승훈,9.94,https://image-comic.pstatic.net/webtoon/792651/thumbnail/titledescimage/objectImage_18c49b94-0900-46ac-9823-29bdfe6e4f3f.png
481,토,로맨스 당도 백퍼센트,이동건,9.93,https://image-comic.pstatic.net/webtoon/792651/thumbnail/titledescimage/objectImage_18c49b94-0900-46ac-9823-29bdfe6e4f3f.png
482,토,디펜스 게임의 폭군이 되었다,하정 / 굥 / 류은가람,9.94,https://image-comic.pstatic.net/webtoon/792651/thumbnail/titledescimage/objectImage_18c49b94-0900-46ac-9823-29bdfe6e4f3f.png
483,토,나이트런,김성민,9.91,https://image-comic.pstatic.net/webtoon/792651/thumbnail/titledescimage/objectImage_18c49b94-0900-46ac-9823-29bdfe6e4f3f.png
484,토,나를 바꿔줘,이지호 / 호띠,9.89,https://image-comic.pstatic.net/webtoon/792651/thumbnail/titledescimage/objectImage_18c49b94-0900-46ac-9823-29bdfe6e4f3f.png
485,토,야매 힐러로 사는 법,14획 / 나옌 / 새송이덮밥,9.95,https://image-comic.pstatic.net/webtoon/792651/thumbnail/titledescimage/objectImage_18c49b94-0900-46ac-9823-29bdfe6e4f3f.png
486,토,흑화한 노예남을 길들였다,LICO / 보랏빛마을,9.93,https://image-comic.pstatic.net/webtoon/792651/thumbnail/titledescimage/objectImage_18c49b94-0900-46ac-9823-29bdfe6e4f3f.png
487,토,윌유메리미,마인드C,9.92,https://image-comic.pstatic.net/webtoon/792651/thumbnail/titledescimage/objectImage_18c49b94-0900-46ac-9823-29bdfe6e4f3f.png
488,토,소공녀 민트,봉이 / 갈피 / 오윤,9.97,https://image-comic.pstatic.net/webtoon/792651/thumbnail/titledescimage/objectImage_18c49b94-0900-46ac-9823-29bdfe6e4f3f.png
489,토,시한부 기사가 되었다,김두루미 / 최윤열 / 금의행,9.68,https://image-comic.pstatic.net/webtoon/792651/thumbnail/titledescimage/objectImage_18c49b94-0900-46ac-9823-29bdfe6e4f3f.png
490,토,신입사원 강 회장,승승이 / 선 / 산경(山景),9.50,https://image-comic.pstatic.net/webtoon/792651/thumbnail/titledescimage/objectImage_18c49b94-0900-46ac-9823-29bdfe6e4f3f.png
491,토,나랑X할래?,진자 / 정생,9.92,https://image-comic.pstatic.net/webtoon/792651/thumbnail/titledescimage/objectImage_18c49b94-0900-46ac-9823-29bdfe6e4f3f.png
492,토,민간인 통제구역 - 일급기밀,OSIK,9.94,https://image-comic.pstatic.net/webtoon/792651/thumbnail/titledescimage/objectImage_18c49b94-0900-46ac-9823-29bdfe6e4f3f.png
493,토,봐선 안되는 것,수리부,9.86,https://image-comic.pstatic.net/webtoon/792651/thumbnail/titledescimage/objectImage_18c49b94-0900-46ac-9823-29bdfe6e4f3f.png
494,토,예명여고,육공,9.93,https://image-comic.pstatic.net/webtoon/792651/thumbnail/titledescimage/objectImage_18c49b94-0900-46ac-9823-29bdfe6e4f3f.png
495,토,미나 이퀄,이유정,9.71,https://image-comic.pstatic.net/webtoon/792651/thumbnail/titledescimage/objectImage_18c49b94-0900-46ac-9823-29bdfe6e4f3f.png
496,토,같은 학교 친구,유유,9.96,https://image-comic.pstatic.net/webtoon/792651/thumbnail/titledescimage/objectImage_18c49b94-0900-46ac-9823-29bdfe6e4f3f.png
497,토,회귀자의 은퇴 라이프,서희 / IN사 / 간짜장,9.72,https://image-comic.pstatic.net/webtoon/792651/thumbnail/titledescimage/objectImage_18c49b94-0900-46ac-9823-29bdfe6e4f3f.png
498,토,데이팅 캣,모하,9.44,https://image-comic.pstatic.net/webtoon/792651/thumbnail/titledescimage/objectImage_18c49b94-0900-46ac-9823-29bdfe6e4f3f.png
499,토,왕세자 입학도,무번,9.96,https://image-comic.pstatic.net/webtoon/792651/thumbnail/titledescimage/objectImage_18c49b94-0900-46ac-9823-29bdfe6e4f3f.png
500,토,부패의 사제,"강선율, 보리 / YU / 사다듬",9.90,https://image-comic.pstatic.net/webtoon/792651/thumbnail/titledescimage/objectImage_18c49b94-0900-46ac-9823-29bdfe6e4f3f.png
501,토,탑코너,윤성 / 라군,9.64,https://image-comic.pstatic.net/webtoon/792651/thumbnail/titledescimage/objectImage_18c49b94-0900-46ac-9823-29bdfe6e4f3f.png
502,토,존잘주의,령,9.45,https://image-comic.pstatic.net/webtoon/792651/thumbnail/titledescimage/objectImage_18c49b94-0900-46ac-9823-29bdfe6e4f3f.png
503,토,플레이어가 과거를 숨김,개차반 / 비누끼 / 베데스,9.92,https://image-comic.pstatic.net/webtoon/792651/thumbnail/titledescimage/objectImage_18c49b94-0900-46ac-9823-29bdfe6e4f3f.png
504,토,홍시는 날 좋아해!,강하다 / 웃는해,9.96,https://image-comic.pstatic.net/webtoon/792651/thumbnail/titledescimage/objectImage_18c49b94-0900-46ac-9823-29bdfe6e4f3f.png
505,토,완벽한 부부는 없다,롱별 / 초이 / 이다홍,9.84,https://image-comic.pstatic.net/webtoon/792651/thumbnail/titledescimage/objectImage_18c49b94-0900-46ac-9823-29bdfe6e4f3f.png
506,토,킬러 배드로,김정현 / 임리나,9.89,https://image-comic.pstatic.net/webtoon/792651/thumbnail/titledescimage/objectImage_18c49b94-0900-46ac-9823-29bdfe6e4f3f.png
507,토,묘약마녀,자유,9.95,https://image-comic.pstatic.net/webtoon/792651/thumbnail/titledescimage/objectImage_18c49b94-0900-46ac-9823-29bdfe6e4f3f.png
508,토,남편을 만렙으로 키우려 합니다,유기농 / 컬린 / 누오바,9.94,https://image-comic.pstatic.net/webtoon/792651/thumbnail/titledescimage/objectImage_18c49b94-0900-46ac-9823-29bdfe6e4f3f.png
509,토,간첩 18세,김꿀빨 / 김주인,9.71,https://image-comic.pstatic.net/webtoon/792651/thumbnail/titledescimage/objectImage_18c49b94-0900-46ac-9823-29bdfe6e4f3f.png
510,토,묘령의 황자,아흐레달,9.93,https://image-comic.pstatic.net/webtoon/792651/thumbnail/titledescimage/objectImage_18c49b94-0900-46ac-9823-29bdfe6e4f3f.png
511,토,이계진입 리로디드,차우민 / 쵸쵸 / 임경배,9.89,https://image-comic.pstatic.net/webtoon/792651/thumbnail/titledescimage/objectImage_18c49b94-0900-46ac-9823-29bdfe6e4f3f.png
512,토,첫사랑은 헤이트,망두,9.95,https://image-comic.pstatic.net/webtoon/792651/thumbnail/titledescimage/objectImage_18c49b94-0900-46ac-9823-29bdfe6e4f3f.png
513,토,좀비X슬래셔,나락 / 홍준기,9.65,https://image-comic.pstatic.net/webtoon/792651/thumbnail/titledescimage/objectImage_18c49b94-0900-46ac-9823-29bdfe6e4f3f.png
514,토,너에게로 중독,무멘 / 태양 / 안테,9.93,https://image-comic.pstatic.net/webtoon/792651/thumbnail/titledescimage/objectImage_18c49b94-0900-46ac-9823-29bdfe6e4f3f.png
515,토,엑스애쉬,김세훈 / 이광수,9.87,https://image-comic.pstatic.net/webtoon/792651/thumbnail/titledescimage/objectImage_18c49b94-0900-46ac-9823-29bdfe6e4f3f.png
516,토,폭군 남편과 이혼하겠습니다,조사라 / 오윤하,9.90,https://image-comic.pstatic.net/webtoon/792651/thumbnail/titledescimage/objectImage_18c49b94-0900-46ac-9823-29bdfe6e4f3f.png
517,토,아사,우새새,9.95,https://image-comic.pstatic.net/webtoon/792651/thumbnail/titledescimage/objectImage_18c49b94-0900-46ac-9823-29bdfe6e4f3f.png
518,토,복수를 위한 결혼동맹,EMMA / 윤희사,9.93,https://image-comic.pstatic.net/webtoon/792651/thumbnail/titledescimage/objectImage_18c49b94-0900-46ac-9823-29bdfe6e4f3f.png
519,토,더 해머,스튜디오M / 멘수 / Painkiller,9.85,https://image-comic.pstatic.net/webtoon/792651/thumbnail/titledescimage/objectImage_18c49b94-0900-46ac-9823-29bdfe6e4f3f.png
520,토,연애 생각은 없지만,서울소,9.92,https://image-comic.pstatic.net/webtoon/792651/thumbnail/titledescimage/objectImage_18c49b94-0900-46ac-9823-29bdfe6e4f3f.png
521,토,망겜의 현금술사,무릇,9.92,https://image-comic.pstatic.net/webtoon/792651/thumbnail/titledescimage/objectImage_18c49b94-0900-46ac-9823-29bdfe6e4f3f.png
522,토,솔직하게 말해줘!,재희,9.90,https://image-comic.pstatic.net/webtoon/792651/thumbnail/titledescimage/objectImage_18c49b94-0900-46ac-9823-29bdfe6e4f3f.png
523,토,노인의 꿈,백원달,9.95,https://image-comic.pstatic.net/webtoon/792651/thumbnail/titledescimage/objectImage_18c49b94-0900-46ac-9823-29bdfe6e4f3f.png
524,토,동그란 그녀와 소심한 그 남자,하야마 이즈미 / 오카무라 야치요,9.55,https://image-comic.pstatic.net/webtoon/792651/thumbnail/titledescimage/objectImage_18c49b94-0900-46ac-9823-29bdfe6e4f3f.png
525,토,더 캐슬 - 귀안의 신부,혜용 / 피칸 / 진소예,9.94,https://image-comic.pstatic.net/webtoon/792651/thumbnail/titledescimage/objectImage_18c49b94-0900-46ac-9823-29bdfe6e4f3f.png
526,토,최강부캐,직씨,9.59,https://image-comic.pstatic.net/webtoon/792651/thumbnail/titledescimage/objectImage_18c49b94-0900-46ac-9823-29bdfe6e4f3f.png
527,토,방송은 방송으로 봐,박은혁,8.05,https://image-comic.pstatic.net/webtoon/792651/thumbnail/titledescimage/objectImage_18c49b94-0900-46ac-9823-29bdfe6e4f3f.png
528,토,청춘일지,쏘림,9.92,https://image-comic.pstatic.net/webtoon/792651/thumbnail/titledescimage/objectImage_18c49b94-0900-46ac-9823-29bdfe6e4f3f.png
529,토,당신이 나를 믿으신다면,김그래프,9.93,https://image-comic.pstatic.net/webtoon/792651/thumbnail/titledescimage/objectImage_18c49b94-0900-46ac-9823-29bdfe6e4f3f.png
530,토,러브 어페어,럭키고릴라 / 팀 네모바퀴 / 이유진,9.62,https://image-comic.pstatic.net/webtoon/792651/thumbnail/titledescimage/objectImage_18c49b94-0900-46ac-9823-29bdfe6e4f3f.png
531,토,사서고생!,몽실,9.94,https://image-comic.pstatic.net/webtoon/792651/thumbnail/titledescimage/objectImage_18c49b94-0900-46ac-9823-29bdfe6e4f3f.png
532,토,소년 검사,혁씨,9.77,https://image-comic.pstatic.net/webtoon/792651/thumbnail/titledescimage/objectImage_18c49b94-0900-46ac-9823-29bdfe6e4f3f.png
533,토,용두사망 소설 속의 악녀가 되었다,하견 / 너구리 / 윤림,9.94,https://image-comic.pstatic.net/webtoon/792651/thumbnail/titledescimage/objectImage_18c49b94-0900-46ac-9823-29bdfe6e4f3f.png
534,토,왕년엔 용사님,고샤 / 솔렘,9.94,https://image-comic.pstatic.net/webtoon/792651/thumbnail/titledescimage/objectImage_18c49b94-0900-46ac-9823-29bdfe6e4f3f.png
535,토,대박사건,"광진, 두엽 / 그나",9.83,https://image-comic.pstatic.net/webtoon/792651/thumbnail/titledescimage/objectImage_18c49b94-0900-46ac-9823-29bdfe6e4f3f.png
536,토,밤을 깨우는 마법,외딴,9.95,https://image-comic.pstatic.net/webtoon/792651/thumbnail/titledescimage/objectImage_18c49b94-0900-46ac-9823-29bdfe6e4f3f.png
537,토,또다시 열일곱,한다,9.91,https://image-comic.pstatic.net/webtoon/792651/thumbnail/titledescimage/objectImage_18c49b94-0900-46ac-9823-29bdfe6e4f3f.png
538,토,시선 끝 브로콜리,모차,9.93,https://image-comic.pstatic.net/webtoon/792651/thumbnail/titledescimage/objectImage_18c49b94-0900-46ac-9823-29bdfe6e4f3f.png
539,토,"저무는 해, 시린 눈",MURO,9.97,https://image-comic.pstatic.net/webtoon/792651/thumbnail/titledescimage/objectImage_18c49b94-0900-46ac-9823-29bdfe6e4f3f.png
540,토,애구애구,가령,9.94,https://image-comic.pstatic.net/webtoon/792651/thumbnail/titledescimage/objectImage_18c49b94-0900-46ac-9823-29bdfe6e4f3f.png
541,토,아가사,이다인,9.93,https://image-comic.pstatic.net/webtoon/792651/thumbnail/titledescimage/objectImage_18c49b94-0900-46ac-9823-29bdfe6e4f3f.png
542,토,전생연분,재아 / HAE,9.96,https://image-comic.pstatic.net/webtoon/792651/thumbnail/titledescimage/objectImage_18c49b94-0900-46ac-9823-29bdfe6e4f3f.png
543,토,너나 나나,김연우,9.93,https://image-comic.pstatic.net/webtoon/792651/thumbnail/titledescimage/objectImage_18c49b94-0900-46ac-9823-29bdfe6e4f3f.png
544,토,먹지마세요,노도 / 비버,9.93,https://image-comic.pstatic.net/webtoon/792651/thumbnail/titledescimage/objectImage_18c49b94-0900-46ac-9823-29bdfe6e4f3f.png
545,토,멸망으로 시작하는! 근미래 생존법,김부농,9.85,https://image-comic.pstatic.net/webtoon/792651/thumbnail/titledescimage/objectImage_18c49b94-0900-46ac-9823-29bdfe6e4f3f.png
546,토,아침을 지나 밤으로,손지은,9.94,https://image-comic.pstatic.net/webtoon/792651/thumbnail/titledescimage/objectImage_18c49b94-0900-46ac-9823-29bdfe6e4f3f.png
547,토,1825일,지민,9.87,https://image-comic.pstatic.net/webtoon/792651/thumbnail/titledescimage/objectImage_18c49b94-0900-46ac-9823-29bdfe6e4f3f.png
548,토,궤도의 아이들,나윤희 / 구김,9.93,https://image-comic.pstatic.net/webtoon/792651/thumbnail/titledescimage/objectImage_18c49b94-0900-46ac-9823-29bdfe6e4f3f.png
549,토,보고 있지?,송범규,8.47,https://image-comic.pstatic.net/webtoon/792651/thumbnail/titledescimage/objectImage_18c49b94-0900-46ac-9823-29bdfe6e4f3f.png
550,토,겨울특강,곤세,9.82,https://image-comic.pstatic.net/webtoon/792651/thumbnail/titledescimage/objectImage_18c49b94-0900-46ac-9823-29bdfe6e4f3f.png
551,토,홍대 바이브,내먼,9.91,https://image-comic.pstatic.net/webtoon/792651/thumbnail/titledescimage/objectImage_18c49b94-0900-46ac-9823-29bdfe6e4f3f.png
552,일,신혼일기,자까,9.92,https://image-comic.pstatic.net/webtoon/802079/thumbnail/titledescimage/objectImage_e40ff930-aa82-49ff-945a-5ed5496dbfa2.png
553,일,무직백수 계백순,지발,9.81,https://image-comic.pstatic.net/webtoon/802079/thumbnail/titledescimage/objectImage_e40ff930-aa82-49ff-945a-5ed5496dbfa2.png
554,일,싸움독학,박태준 만화회사 / 김정현 스튜디오,9.71,https://image-comic.pstatic.net/webtoon/802079/thumbnail/titledescimage/objectImage_e40ff930-aa82-49ff-945a-5ed5496dbfa2.png
555,일,약한영웅,서패스 / 김진석,9.70,https://image-comic.pstatic.net/webtoon/802079/thumbnail/titledescimage/objectImage_e40ff930-aa82-49ff-945a-5ed5496dbfa2.png
556,일,입학용병,YC / 락현,9.90,https://image-comic.pstatic.net/webtoon/802079/thumbnail/titledescimage/objectImage_e40ff930-aa82-49ff-945a-5ed5496dbfa2.png
557,일,투신전생기,청담,9.94,https://image-comic.pstatic.net/webtoon/802079/thumbnail/titledescimage/objectImage_e40ff930-aa82-49ff-945a-5ed5496dbfa2.png
558,일,일타강사 백사부,팀 더 지크 / 오리보리 / 간짜장,9.96,https://image-comic.pstatic.net/webtoon/802079/thumbnail/titledescimage/objectImage_e40ff930-aa82-49ff-945a-5ed5496dbfa2.png
559,일,가비지타임,2사장,9.98,https://image-comic.pstatic.net/webtoon/802079/thumbnail/titledescimage/objectImage_e40ff930-aa82-49ff-945a-5ed5496dbfa2.png
560,일,사형소년,"김숭늉, 박태준 만화회사 / 광산",9.69,https://image-comic.pstatic.net/webtoon/802079/thumbnail/titledescimage/objectImage_e40ff930-aa82-49ff-945a-5ed5496dbfa2.png
561,일,수희0(tngmlek0),생일기분,9.90,https://image-comic.pstatic.net/webtoon/802079/thumbnail/titledescimage/objectImage_e40ff930-aa82-49ff-945a-5ed5496dbfa2.png
562,일,천화서고 대공자,128 / MIDNIGHT STUDIO / 김현영,9.93,https://image-comic.pstatic.net/webtoon/802079/thumbnail/titledescimage/objectImage_e40ff930-aa82-49ff-945a-5ed5496dbfa2.png
563,일,나 혼자 특성빨로 무한 성장,샤이아탄 / 2사랑 / 선운(鮮雲),9.27,https://image-comic.pstatic.net/webtoon/802079/thumbnail/titledescimage/objectImage_e40ff930-aa82-49ff-945a-5ed5496dbfa2.png
564,일,자매전쟁,기맹기,9.95,https://image-comic.pstatic.net/webtoon/802079/thumbnail/titledescimage/objectImage_e40ff930-aa82-49ff-945a-5ed5496dbfa2.png
565,일,판사 이한영,문성호 / 전돌돌 / 이해날,9.94,https://image-comic.pstatic.net/webtoon/802079/thumbnail/titledescimage/objectImage_e40ff930-aa82-49ff-945a-5ed5496dbfa2.png
566,일,아카데미의 천재칼잡이,시치 / 서관도,9.90,https://image-comic.pstatic.net/webtoon/802079/thumbnail/titledescimage/objectImage_e40ff930-aa82-49ff-945a-5ed5496dbfa2.png
567,일,"고수, 후궁으로 깨어나다",LICO / 코양희,9.97,https://image-comic.pstatic.net/webtoon/802079/thumbnail/titledescimage/objectImage_e40ff930-aa82-49ff-945a-5ed5496dbfa2.png
568,일,분신으로 자동사냥,차씨 / 오팔 / 몽식夢食,9.76,https://image-comic.pstatic.net/webtoon/802079/thumbnail/titledescimage/objectImage_e40ff930-aa82-49ff-945a-5ed5496dbfa2.png
569,일,소녀재판,루즌아 / 보로콤,9.89,https://image-comic.pstatic.net/webtoon/802079/thumbnail/titledescimage/objectImage_e40ff930-aa82-49ff-945a-5ed5496dbfa2.png
570,일,합격시켜주세용,이온,9.98,https://image-comic.pstatic.net/webtoon/802079/thumbnail/titledescimage/objectImage_e40ff930-aa82-49ff-945a-5ed5496dbfa2.png
571,일,사랑받는 시집살이,견이 / 태소정,9.92,https://image-comic.pstatic.net/webtoon/802079/thumbnail/titledescimage/objectImage_e40ff930-aa82-49ff-945a-5ed5496dbfa2.png
572,일,폰투스 : 극야2,운 / 한큰빛,9.93,https://image-comic.pstatic.net/webtoon/802079/thumbnail/titledescimage/objectImage_e40ff930-aa82-49ff-945a-5ed5496dbfa2.png
573,일,아카데미에 위장취업당했다,타나 / WAG / sayren,9.97,https://image-comic.pstatic.net/webtoon/802079/thumbnail/titledescimage/objectImage_e40ff930-aa82-49ff-945a-5ed5496dbfa2.png
574,일,청춘계시록,한서,9.97,https://image-comic.pstatic.net/webtoon/802079/thumbnail/titledescimage/objectImage_e40ff930-aa82-49ff-945a-5ed5496dbfa2.png
575,일,용사보다 너무 강해서 힘을 숨김,승한 / 예림,9.60,https://image-comic.pstatic.net/webtoon/802079/thumbnail/titledescimage/objectImage_e40ff930-aa82-49ff-945a-5ed5496dbfa2.png
576,일,무진,사과 / 브라보 장,9.84,https://image-comic.pstatic.net/webtoon/802079/thumbnail/titledescimage/objectImage_e40ff930-aa82-49ff-945a-5ed5496dbfa2.png
577,일,칼끝에 입술,핀쿠 / 뫄과 / 윤슬,9.95,https://image-comic.pstatic.net/webtoon/802079/thumbnail/titledescimage/objectImage_e40ff930-aa82-49ff-945a-5ed5496dbfa2.png
578,일,장풍전,신영우,9.94,https://image-comic.pstatic.net/webtoon/802079/thumbnail/titledescimage/objectImage_e40ff930-aa82-49ff-945a-5ed5496dbfa2.png
579,일,랑데뷰,제로,9.91,https://image-comic.pstatic.net/webtoon/802079/thumbnail/titledescimage/objectImage_e40ff930-aa82-49ff-945a-5ed5496dbfa2.png
580,일,허리케인 공주님,랑또,9.97,https://image-comic.pstatic.net/webtoon/802079/thumbnail/titledescimage/objectImage_e40ff930-aa82-49ff-945a-5ed5496dbfa2.png
581,일,약빨이 신선함,한집 / 벤 / 아로,9.90,https://image-comic.pstatic.net/webtoon/802079/thumbnail/titledescimage/objectImage_e40ff930-aa82-49ff-945a-5ed5496dbfa2.png
582,일,후궁 스캔들,기트로우 / 정현,9.97,https://image-comic.pstatic.net/webtoon/802079/thumbnail/titledescimage/objectImage_e40ff930-aa82-49ff-945a-5ed5496dbfa2.png
583,일,오로지 너를 이기고 싶어,아마도지 / 사삭,9.82,https://image-comic.pstatic.net/webtoon/802079/thumbnail/titledescimage/objectImage_e40ff930-aa82-49ff-945a-5ed5496dbfa2.png
584,일,어느날 갑자기 서울은,박창근,9.86,https://image-comic.pstatic.net/webtoon/802079/thumbnail/titledescimage/objectImage_e40ff930-aa82-49ff-945a-5ed5496dbfa2.png
585,일,밤마다 남편이 바뀐다,구슬 / 여슬기 / 한윤설,9.97,https://image-comic.pstatic.net/webtoon/802079/thumbnail/titledescimage/objectImage_e40ff930-aa82-49ff-945a-5ed5496dbfa2.png
586,일,상사불상사,영하 / 공사,9.92,https://image-comic.pstatic.net/webtoon/802079/thumbnail/titledescimage/objectImage_e40ff930-aa82-49ff-945a-5ed5496dbfa2.png
587,일,경자 전성시대,김호드,9.89,https://image-comic.pstatic.net/webtoon/802079/thumbnail/titledescimage/objectImage_e40ff930-aa82-49ff-945a-5ed5496dbfa2.png
588,일,神장산범,령 / 서루,9.78,https://image-comic.pstatic.net/webtoon/802079/thumbnail/titledescimage/objectImage_e40ff930-aa82-49ff-945a-5ed5496dbfa2.png
589,일,"안녕, 나의 수집",하린,9.97,https://image-comic.pstatic.net/webtoon/802079/thumbnail/titledescimage/objectImage_e40ff930-aa82-49ff-945a-5ed5496dbfa2.png
590,일,집착광공 집사전락,마자,9.95,https://image-comic.pstatic.net/webtoon/802079/thumbnail/titledescimage/objectImage_e40ff930-aa82-49ff-945a-5ed5496dbfa2.png
591,일,2023 루키 단편선,네이버웹툰 작가,9.60,https://image-comic.pstatic.net/webtoon/802079/thumbnail/titledescimage/objectImage_e40ff930-aa82-49ff-945a-5ed5496dbfa2.png
592,일,내게 종말은 게임이다,HOOPA / 최우진,9.93,https://image-comic.pstatic.net/webtoon/802079/thumbnail/titledescimage/objectImage_e40ff930-aa82-49ff-945a-5ed5496dbfa2.png
593,일,강아지는 멍멍하고 짖지 않아!,얄라리,9.96,https://image-comic.pstatic.net/webtoon/802079/thumbnail/titledescimage/objectImage_e40ff930-aa82-49ff-945a-5ed5496dbfa2.png
594,일,죽음을 희망합니다,인멸윤금 / 요지 / 유예랑,9.95,https://image-comic.pstatic.net/webtoon/802079/thumbnail/titledescimage/objectImage_e40ff930-aa82-49ff-945a-5ed5496dbfa2.png
595,일,찐한 고백,JIP / 의령 / 로즈빈,9.96,https://image-comic.pstatic.net/webtoon/802079/thumbnail/titledescimage/objectImage_e40ff930-aa82-49ff-945a-5ed5496dbfa2.png
596,일,백설을 위하여,러스츄 / 김햐 / 찬겨울,9.96,https://image-comic.pstatic.net/webtoon/802079/thumbnail/titledescimage/objectImage_e40ff930-aa82-49ff-945a-5ed5496dbfa2.png
597,일,노빠꾸 최하영,우엉이,9.79,https://image-comic.pstatic.net/webtoon/802079/thumbnail/titledescimage/objectImage_e40ff930-aa82-49ff-945a-5ed5496dbfa2.png
598,일,몸이 바뀌는 사정,푸릭 / 달꽃 / 윤달,9.97,https://image-comic.pstatic.net/webtoon/802079/thumbnail/titledescimage/objectImage_e40ff930-aa82-49ff-945a-5ed5496dbfa2.png
599,일,장미같은 소리,혜진양 / 듀영,9.92,https://image-comic.pstatic.net/webtoon/802079/thumbnail/titledescimage/objectImage_e40ff930-aa82-49ff-945a-5ed5496dbfa2.png
600,일,첫날밤만 세 번째,나라나라 / 갓녀,9.95,https://image-comic.pstatic.net/webtoon/802079/thumbnail/titledescimage/objectImage_e40ff930-aa82-49ff-945a-5ed5496dbfa2.png
601,일,여우애담,이도광,9.97,https://image-comic.pstatic.net/webtoon/802079/thumbnail/titledescimage/objectImage_e40ff930-aa82-49ff-945a-5ed5496dbfa2.png
602,일,펀치드렁커드,고태호,9.96,https://image-comic.pstatic.net/webtoon/802079/thumbnail/titledescimage/objectImage_e40ff930-aa82-49ff-945a-5ed5496dbfa2.png
603,일,고양이 타타,로로,9.97,https://image-comic.pstatic.net/webtoon/802079/thumbnail/titledescimage/objectImage_e40ff930-aa82-49ff-945a-5ed5496dbfa2.png
604,일,아포크리파,은성 / 두만식,9.95,https://image-comic.pstatic.net/webtoon/802079/thumbnail/titledescimage/objectImage_e40ff930-aa82-49ff-945a-5ed5496dbfa2.png
605,일,주인공의 주식을 팝니다,50 / 가얌 / 목감기,9.95,https://image-comic.pstatic.net/webtoon/802079/thumbnail/titledescimage/objectImage_e40ff930-aa82-49ff-945a-5ed5496dbfa2.png
606,일,홍 의관의 은밀한 비밀,유계진 / 서이나,9.97,https://image-comic.pstatic.net/webtoon/802079/thumbnail/titledescimage/objectImage_e40ff930-aa82-49ff-945a-5ed5496dbfa2.png
607,일,최고의 뿔소라,김인정,9.98,https://image-comic.pstatic.net/webtoon/802079/thumbnail/titledescimage/objectImage_e40ff930-aa82-49ff-945a-5ed5496dbfa2.png
608,일,내곁엔 없을까,쑤녕,9.97,https://image-comic.pstatic.net/webtoon/802079/thumbnail/titledescimage/objectImage_e40ff930-aa82-49ff-945a-5ed5496dbfa2.png
609,일,죽고 싶습니다,연제원,9.83,https://image-comic.pstatic.net/webtoon/802079/thumbnail/titledescimage/objectImage_e40ff930-aa82-49ff-945a-5ed5496dbfa2.png
610,일,황금의 세계를 너에게,레민,9.88,https://image-comic.pstatic.net/webtoon/802079/thumbnail/titledescimage/objectImage_e40ff930-aa82-49ff-945a-5ed5496dbfa2.png
611,일,여신님의 호랑이 공략법,아완 / 청라,9.96,https://image-comic.pstatic.net/webtoon/802079/thumbnail/titledescimage/objectImage_e40ff930-aa82-49ff-945a-5ed5496dbfa2.png
612,일,신혼부부 생활 백서,문나영 / 이범배,9.91,https://image-comic.pstatic.net/webtoon/802079/thumbnail/titledescimage/objectImage_e40ff930-aa82-49ff-945a-5ed5496dbfa2.png
613,일,손 잡은 사이,반하리,9.91,https://image-comic.pstatic.net/webtoon/802079/thumbnail/titledescimage/objectImage_e40ff930-aa82-49ff-945a-5ed5496dbfa2.png
614,일,프린키피아,버튼 / 한경찰,9.93,https://image-comic.pstatic.net/webtoon/802079/thumbnail/titledescimage/objectImage_e40ff930-aa82-49ff-945a-5ed5496dbfa2.png
615,일,108명의 그녀들,고송 / 레죵,9.97,https://image-comic.pstatic.net/webtoon/802079/thumbnail/titledescimage/objectImage_e40ff930-aa82-49ff-945a-5ed5496dbfa2.png
616,일,생존고백,박태현,9.96,https://image-comic.pstatic.net/webtoon/802079/thumbnail/titledescimage/objectImage_e40ff930-aa82-49ff-945a-5ed5496dbfa2.png
617,일,완벽한 파트너,산차 / 오하라,9.97,https://image-comic.pstatic.net/webtoon/802079/thumbnail/titledescimage/objectImage_e40ff930-aa82-49ff-945a-5ed5496dbfa2.png
618,일,성애적 순애보,유 / 명,9.85,https://image-comic.pstatic.net/webtoon/802079/thumbnail/titledescimage/objectImage_e40ff930-aa82-49ff-945a-5ed5496dbfa2.png
619,일,내가 만든 이세계,가천가,9.76,https://image-comic.pstatic.net/webtoon/802079/thumbnail/titledescimage/objectImage_e40ff930-aa82-49ff-945a-5ed5496dbfa2.png
620,일,포크&나이프,삼박,9.49,https://image-comic.pstatic.net/webtoon/802079/thumbnail/titledescimage/objectImage_e40ff930-aa82-49ff-945a-5ed5496dbfa2.png
621,일,DARK MOON: 달의 제단,HYBE,9.81,https://image-comic.pstatic.net/webtoon/802079/thumbnail/titledescimage/objectImage_e40ff930-aa82-49ff-945a-5ed5496dbfa2.png
622,일,헬스던전,도베도베 / 채종,9.76,https://image-comic.pstatic.net/webtoon/802079/thumbnail/titledescimage/objectImage_e40ff930-aa82-49ff-945a-5ed5496dbfa2.png
623,일,사장님이 미쳤어요,밤희 / 꾼 / 노승아,9.81,https://image-comic.pstatic.net/webtoon/802079/thumbnail/titledescimage/objectImage_e40ff930-aa82-49ff-945a-5ed5496dbfa2.png
624,일,사랑은 없는 것처럼,carbo(도효원) / 김해담,9.81,https://image-comic.pstatic.net/webtoon/802079/thumbnail/titledescimage/objectImage_e40ff930-aa82-49ff-945a-5ed5496dbfa2.png
625,일,손 안의 안단테,나윤희,9.97,https://image-comic.pstatic.net/webtoon/802079/thumbnail/titledescimage/objectImage_e40ff930-aa82-49ff-945a-5ed5496dbfa2.png
626,일,잿더미 황후,스튜디오BCW / 별보라,9.91,https://image-comic.pstatic.net/webtoon/802079/thumbnail/titledescimage/objectImage_e40ff930-aa82-49ff-945a-5ed5496dbfa2.png
627,일,데빌샷,CTK,9.98,https://image-comic.pstatic.net/webtoon/802079/thumbnail/titledescimage/objectImage_e40ff930-aa82-49ff-945a-5ed5496dbfa2.png
628,일,킬링킬러,아백,9.89,https://image-comic.pstatic.net/webtoon/802079/thumbnail/titledescimage/objectImage_e40ff930-aa82-49ff-945a-5ed5496dbfa2.png
629,일,망돌리부트,우지우,9.56,https://image-comic.pstatic.net/webtoon/802079/thumbnail/titledescimage/objectImage_e40ff930-aa82-49ff-945a-5ed5496dbfa2.png
630,일,샤인 스타,김현,9.95,https://image-comic.pstatic.net/webtoon/802079/thumbnail/titledescimage/objectImage_e40ff930-aa82-49ff-945a-5ed5496dbfa2.png
631,일,신의 재래,홍무제,9.92,https://image-comic.pstatic.net/webtoon/802079/thumbnail/titledescimage/objectImage_e40ff930-aa82-49ff-945a-5ed5496dbfa2.png
632,일,블러드 리벤저,고백,9.82,https://image-comic.pstatic.net/webtoon/802079/thumbnail/titledescimage/objectImage_e40ff930-aa82-49ff-945a-5ed5496dbfa2.png
633,일,마왕의 고백,탑승,9.97,https://image-comic.pstatic.net/webtoon/802079/thumbnail/titledescimage/objectImage_e40ff930-aa82-49ff-945a-5ed5496dbfa2.png
634,일,인생영화,희나리,9.68,https://image-comic.pstatic.net/webtoon/802079/thumbnail/titledescimage/objectImage_e40ff930-aa82-49ff-945a-5ed5496dbfa2.png
635,일,천치전능,김칸비 / 송래현,9.92,https://image-comic.pstatic.net/webtoon/802079/thumbnail/titledescimage/objectImage_e40ff930-aa82-49ff-945a-5ed5496dbfa2.png
636,일,천년간 노려왔습니다,수빈,9.91,https://image-comic.pstatic.net/webtoon/802079/thumbnail/titledescimage/objectImage_e40ff930-aa82-49ff-945a-5ed5496dbfa2.png
637,일,네 것이었던 것,아이아리 / 바밤,9.63,https://image-comic.pstatic.net/webtoon/802079/thumbnail/titledescimage/objectImage_e40ff930-aa82-49ff-945a-5ed5496dbfa2.png
638,일,어떤소란,케첩,9.70,https://image-comic.pstatic.net/webtoon/802079/thumbnail/titledescimage/objectImage_e40ff930-aa82-49ff-945a-5ed5496dbfa2.png
639,일,그림자 잡기,최날,9.16,https://image-comic.pstatic.net/webtoon/802079/thumbnail/titledescimage/objectImage_e40ff930-aa82-49ff-945a-5ed5496dbfa2.png
640,일,패션쇼,로커8,9.83,https://image-comic.pstatic.net/webtoon/802079/thumbnail/titledescimage/objectImage_e40ff930-aa82-49ff-945a-5ed5496dbfa2.png
